SID,Overall,Overall_SEM,Claim1,Claim1_SEM,Claim2,Claim2_SEM,Claim3,Claim3_SEM,Claim4,Claim4_SEM
1,-2.194274,0.304149,-2.550038,0.62383,-2.449202,0.487623,-1.382898,0.743991,-1.563616,0.795212
2,0.241197,0.242052,0.562042,0.515475,0.229066,0.446833,-0.494019,0.636366,0.337701,0.435856
3,-1.894076,0.28168,-2.986559,0.755958,-1.866549,0.643234,-1.39522,0.708497,-0.845157,0.49798
4,-0.979513,0.244104,-0.991021,0.440193,-1.023521,0.443159,-0.366001,0.569979,-1.592945,0.663494
5,-4.5941,0.701426924,-4.5941,0.701426924,-4.5941,0.701426924,-3.368494,1.16792,-4.5941,0.701426924
6,0.79047,0.258253,1.043575,0.57776,0.15361,0.467504,1.3374,0.285830421,0.792605,0.404726
7,-0.725424,0.232087,-0.314783,0.406523,-1.201824,0.442769,-1.270471,0.68794,-0.476971,0.508029
8,-2.589429,0.336265,-2.509681,0.445978,-2.706614,0.705445,-2.722145,1.01528,-2.59162,0.983877
9,-0.136058,0.261261,0.076628,0.480724,-0.481567,0.484699,-0.793484,0.755898,0.306081,0.511146
10,-0.464215,0.252892,0.128183,0.456777,-0.766281,0.561935,-1.783718,0.74553,-0.156217,0.554352
11,-1.332397,0.271425,-1.159596,0.410909,-1.208563,0.499507,-4.5941,0.761002516,-1.314629,0.631439
12,-1.156766,0.232198,-1.081812,0.335449,-1.192539,0.468732,-1.867753,0.884874,-0.987192,0.548833
13,-1.299875,0.252496,-1.2731,0.405298,-1.122415,0.439538,-1.729412,0.729738,-1.369764,0.676532
14,-2.078665,0.298922,-2.332233,0.496669,-2.045607,0.630111,-0.988255,0.758248,-2.289382,0.668145
15,-1.303361,0.227464,-1.546846,0.330946,-0.695599,0.442071,-0.791105,0.849557,-1.80463,0.648147
16,-0.107023,0.266587,0.128771,0.536063,0.025071,0.466366,-0.669452,0.669217,-0.175355,0.586413
17,-0.343822,0.268906,0.069602,0.519735,-0.774929,0.489626,0.041318,0.750311,-0.502335,0.514023
18,-1.945545,0.306909,-3.85801,1.212172,-1.744798,0.500224,-1.261757,0.672869,-0.518757,0.648685
19,-1.203257,0.255216,-1.618955,0.478213,-1.626188,0.423756,-0.624498,0.671742,-0.18577,0.510741
20,-1.460081,0.23064,-1.555648,0.31812,-1.34888,0.456601,-1.414206,0.81121,-1.329402,0.598098
21,-3.016348,0.447251,-4.5941,0.725148206,-2.515622,0.634825,-2.373025,1.054281,-3.078642,1.205259
22,-0.862396,0.249476,-0.680308,0.461894,-0.518904,0.451595,-1.484507,0.836218,-1.360359,0.579673
23,-2.494153,0.351115,-3.324589,0.877668,-2.596685,0.708197,-0.726141,0.796265,-3.007812,1.135357
24,-0.511343,0.265948,-0.639703,0.41969,-0.329944,0.495587,-1.017528,0.717203,-0.083809,0.673004
25,-2.721926,0.41172,-2.010762,0.431631,-4.5941,0.77131214,-4.5941,0.77131214,-2.960225,1.309161
26,-1.902015,0.290673,-1.975451,0.460292,-1.504049,0.460649,-2.606897,0.948496,-2.089219,0.815217
27,-1.562215,0.244003,-1.130431,0.350361,-1.100457,0.466149,-2.763501,0.862711,-4.5941,0.744640769
28,-0.113121,0.270385,-0.283279,0.477424,-0.214515,0.477254,-0.019289,0.657278,0.247471,0.614794
29,-2.62549,0.414565,-4.5941,0.771450986,-2.986005,0.788799,-2.25098,1.078503,-1.090661,0.62836
30,-2.834523,0.386843,-3.972475,1.290237,-1.801978,0.487087,-4.5941,0.749477282,-4.5941,0.749477282
31,-0.71389,0.228755,-0.542753,0.379736,-0.989568,0.401467,0.470035,0.723174,-1.647623,0.720766
32,-0.92615,0.26155,-1.678907,0.451213,-0.752679,0.511897,0.117612,0.712218,-0.015934,0.614387
33,-1.496099,0.278701,-1.701853,0.47419,-1.550904,0.48377,-2.075367,0.952553,-0.900871,0.516763
34,-2.305964,0.294321,-2.488404,0.488025,-2.043643,0.538754,-2.144704,0.741689,-2.504944,0.872343
35,0.958339,0.304211,0.66239,0.498686,0.737589,0.51225,1.291434,1.037894,1.3374,0.320206122
36,-1.908265,0.276685,-1.770479,0.389629,-2.298113,0.609439,-1.87378,0.784158,-1.743479,0.715538
37,-3.341266,0.490856,-2.898723,0.613116,-4.5941,0.737040874,-2.237586,0.907569,-4.5941,0.737040874
38,0.050483,0.268151,-0.110976,0.364731,0.156964,0.55551,-0.110213,0.826917,0.647985,0.860407
39,0.081597,0.272586,0.065169,0.55243,0.744278,0.540054,-0.479691,0.592249,-0.182425,0.565564
40,-0.890776,0.257974,-1.286715,0.389069,-0.727085,0.499651,-0.441738,0.700961,-0.430937,0.641587
41,-0.136889,0.249833,-0.492987,0.354699,0.922477,0.541136,-0.170781,0.757282,-0.694248,0.579118
42,-1.70057,0.244482,-2.055825,0.393636,-1.0942,0.482659,-1.603142,0.693757,-1.724235,0.61464
43,-0.632093,0.245546,-0.142494,0.400536,-1.011775,0.451884,-0.786736,0.718099,-0.969636,0.601708
44,-4.495778,0.977527,-4.5941,0.739217547,-4.5941,0.739217547,-4.5941,0.739217547,-2.790009,1.010647
45,-2.270361,0.278326,-2.283992,0.427899,-2.185839,0.461052,-3.188245,1.284213,-2.038864,0.68145
46,-1.731464,0.303149,-1.865908,0.428549,-1.070996,0.531894,-4.5941,0.745216807,-1.8386,0.842766
47,-2.544386,0.352008,-3.085035,0.74024,-2.583409,0.703856,-1.998173,0.909899,-2.009096,0.697822
48,-2.352653,0.326803,-2.114566,0.503252,-2.675822,0.628068,-1.843032,0.852666,-2.641085,0.816136
49,-1.62732,0.247247,-1.182888,0.372731,-2.054234,0.462533,-3.033822,1.334333,-1.525182,0.661779
50,-1.272534,0.252766,-1.59515,0.473186,-0.875112,0.391068,-1.235448,0.668118,-1.639833,0.586803
51,0.025204,0.248928,-0.143373,0.421306,0.58647,0.488317,-0.989824,0.714867,0.095821,0.460736
52,-2.097903,0.268466,-3.257364,0.755317,-1.619395,0.442718,-2.020698,0.790145,-1.388815,0.532144
53,-4.5941,0.751268697,-3.492189,0.958894,-4.5941,0.751268697,-4.5941,0.751268697,-4.5941,0.751268697
54,-1.938257,0.286036,-2.185094,0.483505,-1.706495,0.483904,-1.343787,0.755958,-2.39843,0.855696
55,0.377291,0.254384,-0.360615,0.381895,0.56169,0.559388,-0.334498,0.835303,1.132657,0.445062
56,-2.71595,0.340032,-2.582091,0.538793,-2.975384,0.608032,-2.332962,0.886459,-2.76356,0.846199
57,-2.785822,0.403816,-2.391896,0.559613,-3.345495,0.904508,-2.791956,1.018699,-2.985778,1.183824
58,0.832812,0.260004,1.3374,0.292253718,0.455259,0.500487,1.140508,0.764627,0.516218,0.451488
59,-1.250617,0.248629,-1.675472,0.369178,-0.289077,0.535914,-0.842152,0.710547,-1.896314,0.724757
60,-2.942461,0.432439,-2.506569,0.517324,-4.5941,0.776044776,-1.840842,0.879059,-4.5941,0.776044776
61,-0.985882,0.268462,-1.292881,0.483278,-1.304651,0.489904,-0.929117,0.844883,-0.152874,0.556069
62,-1.933869,0.307837,-1.954685,0.537535,-1.621456,0.445994,-1.730574,1.025868,-4.5941,0.71980448
63,-2.680759,0.374816,-2.578295,0.554738,-2.709542,0.649993,-3.077807,1.367682,-2.67146,1.01006
64,-0.68413,0.248951,-0.696187,0.422984,-0.507907,0.535781,-1.995461,0.831161,-0.37449,0.437089
65,-0.992705,0.253533,-1.279153,0.459664,-0.994016,0.514043,0.126322,0.655327,-1.316238,0.52585
66,-0.950112,0.233046,-0.814402,0.374601,-1.12371,0.452073,-1.178898,0.739071,-0.875661,0.4838
67,-2.124991,0.302678,-1.734659,0.44552,-1.989059,0.517951,-2.889657,0.998108,-4.5941,0.725785455
68,-1.526334,0.270076,-1.479153,0.430352,-1.150393,0.471018,-2.330989,0.891519,-1.814314,0.686266
69,-0.7096,0.245253,-0.954201,0.371036,-0.458094,0.455305,1.120685,0.828257,-1.88479,0.873552
70,-1.380471,0.256627,-1.457698,0.364198,-1.141624,0.529022,-0.923378,0.745914,-1.751789,0.646003
71,-2.385535,0.313916,-2.320623,0.486573,-2.415041,0.547677,-1.703944,0.693748,-4.5941,0.731000511
72,-1.936878,0.258649,-2.272481,0.420533,-1.335776,0.459547,-2.016349,0.769083,-2.010722,0.630147
73,-0.970747,0.244353,-1.167632,0.375476,-0.753031,0.479137,-0.515696,0.624606,-1.232804,0.599668
74,-0.590019,0.242805,-0.695813,0.368217,-1.071275,0.505001,-0.869898,0.687935,0.370203,0.527321
75,-1.785188,0.267258,-1.751012,0.377342,-1.645746,0.556364,-1.234357,0.695761,-2.665054,0.863405
76,-0.993519,0.239698,-0.902948,0.407324,-0.580874,0.461253,-1.563506,0.701327,-1.359252,0.571249
77,-1.075034,0.221823,-1.046968,0.351002,-1.459846,0.450368,-0.554414,0.556245,-0.992159,0.595429
78,-3.499286,0.539786,-2.827999,0.662926,-4.5941,0.707066579,-4.5941,0.707066579,-2.981487,0.927559
79,-1.552553,0.258652,-1.690089,0.401333,-1.071713,0.44173,-1.772242,0.7672,-2.088549,0.751038
80,-2.204209,0.279169,-2.214483,0.429659,-1.990782,0.467452,-3.049625,1.163133,-2.198729,0.801571
81,-0.940158,0.253727,-0.378137,0.419875,-0.961731,0.430724,-2.478775,1.353289,-1.594682,0.672387
82,-0.130489,0.234013,-0.638152,0.389583,-0.060222,0.439207,1.166628,0.889613,-0.096798,0.459005
83,-1.903868,0.278407,-2.14347,0.43307,-2.41442,0.625588,-1.067121,0.698225,-1.284404,0.582646
84,1.3374,0.299467747,1.3374,0.299467747,1.3374,0.299467747,0.910538,0.80462,1.3374,0.299467747
85,-1.526598,0.263277,-1.508302,0.488628,-1.718371,0.466308,-2.073699,0.683302,-0.856081,0.562509
86,0.073283,0.255442,-0.538291,0.459359,0.142387,0.469949,1.265507,0.972564,0.103329,0.485919
87,-1.591538,0.276121,-1.665749,0.463261,-1.779727,0.479086,-1.412427,0.76068,-1.157223,0.693243
88,1.3374,0.319722057,1.3374,0.319722057,1.3374,0.319722057,0.906969,0.887258,1.3374,0.319722057
89,-2.166527,0.296266,-1.914764,0.373177,-3.681388,1.012723,-1.117105,0.70715,-2.606878,1.083463
90,-2.651201,0.356728,-2.624525,0.535267,-3.193545,0.872885,-2.232931,0.759855,-2.484034,0.895259
91,0.513478,0.264132,0.617613,0.445578,0.336315,0.467932,0.622554,0.687894,0.518048,0.65625
92,-1.168161,0.237793,-1.079527,0.355968,-0.610615,0.433784,-2.23424,0.912458,-1.753082,0.663402
93,-0.315624,0.245472,-0.876166,0.411135,0.034703,0.457182,-0.118348,0.677849,-0.087022,0.490168
94,-1.491464,0.279895,-1.380344,0.42762,-1.116034,0.436095,-1.54724,0.894723,-3.178562,1.278516
95,0.175743,0.28351,-0.217266,0.499762,0.273177,0.532191,0.021519,0.675419,0.71261,0.600607
96,-2.585172,0.373921,-4.5941,0.748099809,-1.70706,0.490489,-3.770526,1.52005,-2.343826,0.870278
97,-1.706449,0.289736,-2.22968,0.605435,-1.717671,0.564545,-2.354268,0.766933,-0.76818,0.497735
98,0.124663,0.257775,-0.16018,0.417992,0.490881,0.523591,1.3374,0.301928453,-0.720123,0.79236
99,-1.757849,0.28263,-0.930158,0.429794,-3.165297,0.899207,-1.735534,0.632746,-2.354616,0.892418
100,-2.522115,0.343651,-2.253104,0.454524,-2.465871,0.589367,-4.5941,0.740606968,-2.1195,0.814275
101,-0.229834,0.253487,-0.589201,0.362937,-0.12345,0.549252,-0.446085,0.786927,0.373992,0.548045
102,-1.228776,0.244236,-0.78199,0.394364,-1.331564,0.433413,-2.15748,1.014143,-1.989361,0.842639
103,-0.479606,0.23723,-0.501258,0.421387,-0.785322,0.438728,-0.58018,0.614431,-0.066169,0.442568
104,-2.622777,0.344296,-2.615718,0.552866,-3.441629,0.853861,-1.07469,0.577966,-4.5941,0.742523217
105,0.616514,0.26994,0.664211,0.505582,0.876554,0.528271,1.3374,0.30527637,-0.170748,0.567337
106,0.972246,0.296809,1.3374,0.313396891,1.30447,0.709201,0.72706,0.710409,0.222756,0.506606
107,-1.750359,0.255909,-1.764182,0.408383,-1.473186,0.452082,-3.055374,1.351242,-1.745745,0.589151
108,-2.2348,0.331725,-1.978275,0.504576,-2.339699,0.544821,-4.5941,0.789272758,-1.574203,0.718654
109,-1.344818,0.264326,-1.521832,0.4401,-0.931076,0.425991,-1.196162,0.746813,-2.036653,0.831035
110,-0.21634,0.258511,-0.410691,0.436606,-0.478316,0.520947,1.3374,0.297010339,-0.333936,0.48861
111,-0.886651,0.229637,-0.541213,0.397373,-0.950643,0.403767,-0.564265,0.75341,-1.703612,0.66486
112,-1.717629,0.263506,-2.067735,0.527963,-1.344916,0.477939,-1.833365,0.673273,-1.659648,0.542756
113,-2.104258,0.321641,-1.743027,0.465491,-1.969878,0.545568,-2.376022,1.216295,-4.5941,0.781272784
114,-1.266263,0.266546,-0.972476,0.409025,-0.777739,0.466248,-4.5941,0.725700404,-2.174698,0.71146
115,-1.689915,0.270868,-1.40128,0.407612,-1.831036,0.526525,-2.161144,0.824343,-1.906854,0.724152
116,-0.705501,0.225476,-0.761731,0.327823,-0.584034,0.415225,-1.684116,0.790157,-0.16489,0.571164
117,-1.26902,0.242691,-0.899621,0.376088,-1.116272,0.438117,-4.5941,0.77527057,-1.593894,0.71731
118,-1.956188,0.259631,-1.481412,0.342846,-2.63751,0.635293,-2.61202,1.18754,-2.504121,0.804423
119,-3.225506,0.452067,-2.502394,0.647416,-3.555348,0.775938,-3.019744,1.394537,-4.5941,0.687479048
120,-0.843781,0.261253,-0.745016,0.469292,-1.210609,0.458975,0.204919,0.715928,-1.139193,0.615917
121,-0.600777,0.236516,-0.742994,0.369452,-0.14266,0.433805,-0.532714,0.708375,-1.234022,0.650965
122,0.061675,0.244551,0.414603,0.419546,-0.384147,0.445658,0.405823,0.785473,-0.147734,0.540243
123,-1.360847,0.266077,-1.550757,0.436835,-0.914926,0.476795,-1.978064,0.781637,-1.137648,0.685837
124,-2.130131,0.302707,-1.94991,0.463357,-2.044744,0.509799,-2.154099,0.935137,-3.083409,1.159357
125,-2.037584,0.28059,-1.790709,0.40318,-2.539551,0.557242,-1.9648,0.913915,-1.820306,0.656268
126,-1.226932,0.238061,-1.129951,0.356541,-1.191181,0.448846,-1.197325,0.641872,-1.668589,0.707612
127,-0.932761,0.228591,-1.445925,0.35264,-0.736943,0.442786,-1.081586,0.767723,0.054336,0.540723
128,-2.837931,0.417561,-3.418806,1.041045,-2.726035,0.599114,-2.683523,1.159541,-2.501037,0.931119
129,-2.143836,0.32403,-1.357642,0.436868,-2.905583,0.736197,-2.908265,1.089288,-4.5941,0.777522367
130,-1.942503,0.279978,-1.648649,0.48297,-2.187572,0.46955,-2.32679,0.769816,-1.582441,0.701738
131,-1.365376,0.262979,-1.657768,0.416169,-0.828893,0.488553,-1.087385,0.72323,-1.69089,0.655942
132,-0.444409,0.265232,-1.00955,0.511907,-0.404861,0.474282,-0.456762,0.637983,0.176361,0.538565
133,-1.666726,0.266651,-1.257385,0.389302,-2.434776,0.603452,-1.194976,0.623129,-2.45592,1.007984
134,-2.112479,0.27552,-2.102774,0.421275,-2.116951,0.455647,-2.286739,0.921907,-1.98726,0.809053
135,-0.633541,0.248628,-0.527662,0.41833,-1.106902,0.445434,-0.421233,0.679625,-0.273737,0.506428
136,-0.601463,0.248534,-0.657582,0.42922,-0.51617,0.474408,-1.527991,0.66968,-0.009002,0.498832
137,-1.553383,0.270248,-2.286577,0.460916,-0.554902,0.463613,-2.757713,1.655794,-1.453123,0.703194
138,-1.105512,0.254188,-0.943795,0.409691,-1.446762,0.48435,-2.310664,0.750307,0.135595,0.582354
139,-1.842582,0.253545,-2.219147,0.401602,-1.315648,0.451366,-1.651574,0.819484,-1.959814,0.822255
140,0.449442,0.281658,1.22983,0.628822,-0.1055,0.463643,0.950125,0.831272,0.104884,0.644924
141,-2.064911,0.274949,-2.577103,0.53679,-2.449393,0.598563,-1.116604,0.59772,-1.529009,0.608178
142,-0.007647,0.259087,0.254147,0.460514,-0.276605,0.502445,-0.258818,0.646293,0.074873,0.52259
143,-1.250699,0.266142,-1.139758,0.430959,-2.18681,0.685238,-0.819032,0.64177,-0.814626,0.538009
144,0.096531,0.245729,-0.00107,0.415527,0.182443,0.427693,0.049401,0.807682,0.136902,0.516705
145,-2.004965,0.285049,-1.95875,0.400194,-2.180133,0.580711,-2.881702,1.297676,-1.586768,0.649364
146,-2.397304,0.28761,-2.208676,0.376326,-2.643574,0.548917,-1.812878,0.801592,-4.5941,0.736201308
147,-1.339073,0.233317,-1.700373,0.362105,-1.066031,0.409153,-0.46444,0.61495,-1.678874,0.720639
148,-2.722329,0.342758,-4.5941,0.700888324,-2.478442,0.452369,-1.418776,0.927644,-2.19582,1.021253
149,-0.050266,0.246234,-0.261359,0.394166,-0.013468,0.492395,-0.580848,0.680805,0.704549,0.633231
150,-1.930363,0.282492,-1.837761,0.453471,-2.177435,0.543174,-1.195038,0.685375,-2.52748,0.86982
151,-0.884092,0.256116,-1.062405,0.43101,-0.627211,0.482578,0.30421,0.732248,-1.683947,0.632484
152,-2.000707,0.281225,-1.823994,0.460427,-2.322293,0.461448,-2.672799,1.158533,-1.256511,0.668749
153,-1.384961,0.24832,-0.942481,0.404922,-1.604063,0.440327,-1.489784,0.7104,-1.857747,0.650102
154,-0.87849,0.23896,-0.710588,0.416124,-0.623207,0.414449,-1.856048,0.996141,-1.214738,0.56654
155,-1.419192,0.265634,-0.946367,0.424901,-1.864365,0.496032,-1.364047,0.66355,-1.594151,0.651196
156,-1.171792,0.253614,-1.398678,0.414779,-0.564986,0.413194,-2.228348,1.148776,-1.577593,0.675884
157,-1.964059,0.265654,-2.368385,0.50077,-1.484963,0.453205,-1.267966,0.684249,-2.750237,0.790612
158,-2.142802,0.298013,-2.799032,0.636145,-2.625942,0.596895,-1.13524,0.686045,-1.145915,0.537712
159,-1.305601,0.260565,-1.448299,0.427246,-1.007476,0.438478,-2.056104,0.987895,-1.238126,0.643478
160,-2.370739,0.33458,-2.662524,0.599137,-2.111563,0.507291,-2.436563,0.821873,-2.284283,1.064548
161,1.062403,0.328834,1.3374,0.335825252,1.3374,0.335825252,0.255998,0.688414,0.074148,0.635603
162,-1.545228,0.270117,-1.608001,0.441206,-1.560367,0.498117,-1.67569,0.824408,-1.327463,0.596593
163,-1.029924,0.237278,-0.967897,0.382665,-1.154259,0.448635,-0.432157,0.688619,-1.282809,0.515463
164,0.233734,0.269236,-0.24308,0.420714,0.536475,0.528158,0.077396,0.828169,0.738974,0.553155
165,-0.099926,0.237379,-0.414065,0.382043,-0.25328,0.464375,-0.499216,0.60555,0.912873,0.569347
166,0.618258,0.273655,1.3374,0.304586644,-0.477845,0.474982,1.3374,0.304586644,0.821086,0.436366
167,-3.261861,0.468383,-3.177774,0.751916,-4.042842,1.214372,-2.410413,0.735829,-4.5941,0.715108665
168,-1.785401,0.276962,-2.203136,0.489058,-1.464283,0.4478,-1.748405,0.983597,-1.586588,0.656405
169,-0.953243,0.261199,-0.817283,0.389094,-1.100354,0.526241,-0.361491,0.651287,-1.839612,0.873813
170,-1.55993,0.254011,-1.25182,0.370833,-1.77529,0.492641,-1.877681,0.869752,-1.947725,0.732451
171,-1.408114,0.256557,-1.586373,0.396695,-1.761984,0.500641,-0.562917,0.692276,-1.013169,0.564668
172,-0.665424,0.240069,-0.819515,0.368083,0.11953,0.46518,-1.628547,0.773718,-0.758386,0.529036
173,-2.382695,0.343533,-2.207198,0.497389,-2.850469,0.674101,-2.297141,1.107954,-2.035868,0.773176
174,-1.344822,0.256977,-1.962787,0.471932,-1.044324,0.466225,-0.523421,0.698653,-1.213775,0.570744
175,0.805998,0.315312,1.3374,0.341928215,0.281512,0.495317,-0.680772,0.849241,1.3374,0.341928215
176,-2.116404,0.311072,-2.722726,0.733279,-1.518156,0.478865,-1.583053,0.752051,-4.5941,0.697401547
177,-2.19727,0.315268,-2.222053,0.469427,-2.467243,0.631548,-2.259985,1.248827,-1.723071,0.710047
178,-2.685806,0.379877,-2.479777,0.501799,-2.276117,0.597106,-4.5941,0.745103023,-4.5941,0.745103023
179,-0.700693,0.236753,-0.011558,0.514831,-1.266006,0.429971,-0.140628,0.626807,-1.289536,0.672838
180,-1.400641,0.265279,-1.480169,0.402309,-0.815117,0.445444,-1.529731,0.80695,-4.5941,0.796179495
181,-1.693817,0.298485,-1.791785,0.466874,-1.18438,0.488344,-2.444974,1.133299,-2.365741,1.117599
182,-3.713588,0.635983,-2.877224,0.695047,-4.5941,0.738265082,-4.5941,0.738265082,-3.366234,1.27505
183,-2.347512,0.307617,-2.256083,0.45132,-2.68697,0.58273,-3.186418,1.511165,-1.731049,0.654301
184,-2.663006,0.361555,-3.23926,0.874636,-2.627378,0.521221,-2.206268,1.10867,-2.157853,0.825666
185,-1.204444,0.247771,-1.932738,0.468632,-1.588431,0.480384,-0.406189,0.591108,-0.191334,0.531586
186,-0.708004,0.241513,-0.858841,0.3735,-0.679753,0.488407,-0.224119,0.622077,-0.795608,0.553897
187,-1.715521,0.260338,-1.511378,0.415887,-1.577477,0.447445,-2.722453,0.97969,-1.859048,0.713945
188,-3.353744,0.488546,-4.5941,0.712196982,-3.025857,0.610293,-4.5941,0.712196982,-2.531205,0.864159
189,-1.794782,0.278877,-2.147358,0.506185,-1.337899,0.479485,-1.956345,0.871757,-1.856952,0.650816
190,-1.616056,0.272248,-1.768505,0.435263,-1.466308,0.477996,-1.996427,0.917369,-1.337083,0.634181
191,-0.844218,0.225292,-1.113536,0.325863,-1.375615,0.4269,-0.248969,0.669282,0.455203,0.571133
192,-0.115575,0.246762,0.312397,0.453566,-0.569997,0.470031,1.3374,0.341508576,-0.566124,0.479767
193,-3.548195,0.621578,-4.5941,0.761192535,-4.5941,0.761192535,-3.091799,1.500632,-1.542767,0.701023
194,-0.226191,0.254841,-0.678209,0.406663,-0.015877,0.46398,-0.158055,0.72615,0.343807,0.586571
195,-3.01285,0.407106,-3.249675,0.864517,-2.606356,0.563083,-2.910784,0.972132,-4.5941,0.726215562
196,-1.247022,0.250289,-1.330582,0.375345,-0.814474,0.470324,-1.018923,0.712497,-2.005166,0.691804
197,-2.669618,0.365056,-2.354907,0.474341,-3.423291,0.955973,-4.5941,0.736167394,-2.07769,0.701861
198,-1.382097,0.251566,-1.268903,0.404808,-1.3329,0.431276,-0.582547,0.760199,-2.334575,0.808034
199,-0.478867,0.253258,-0.27815,0.434414,-0.578495,0.42377,-1.324951,0.772602,-0.115712,0.583347
200,-0.984848,0.242786,-1.156922,0.408189,-0.981226,0.386879,-0.248365,0.641761,-1.462663,0.841787
201,-2.191887,0.281896,-2.188817,0.403392,-2.639383,0.599894,-2.301855,0.802875,-1.077215,0.76571
202,-0.274145,0.240469,-0.674828,0.415245,-0.534976,0.452158,1.3374,0.361242082,-0.046477,0.478348
203,-0.349821,0.241104,-0.738986,0.379889,-0.397832,0.421075,-0.069699,0.657525,0.402868,0.633491
204,-2.061064,0.284976,-2.009898,0.449588,-2.465247,0.617174,-2.085905,0.70364,-1.634807,0.605753
205,-2.229009,0.295313,-2.485274,0.473594,-1.975494,0.494803,-1.451276,1.054277,-2.423917,0.962678
206,-1.371751,0.25268,-1.338918,0.419616,-1.545085,0.430556,-0.653105,0.622578,-2.30256,1.040318
207,-1.538826,0.23515,-1.736682,0.346507,-1.064868,0.40893,-2.380883,0.983451,-1.469098,0.62226
208,-1.727281,0.279845,-1.331529,0.452548,-2.023974,0.486692,-2.0899,0.710969,-1.552861,0.719884
209,-1.795998,0.295351,-2.124934,0.515039,-1.133771,0.488304,-4.5941,0.806560613,-1.569158,0.594018
210,-2.754561,0.393341,-2.812112,0.723058,-2.330079,0.559827,-2.211359,1.109319,-4.5941,0.755632917
211,-0.440823,0.258865,-0.811287,0.390828,-0.408645,0.54262,-0.467906,0.650556,0.286902,0.581884
212,-2.375322,0.302102,-2.290101,0.418545,-1.925863,0.548788,-2.509655,0.882228,-4.5941,0.719789749
213,-1.080498,0.266642,-1.132526,0.443737,-0.965008,0.471805,-2.276513,1.013488,-0.643754,0.531262
214,-0.699279,0.250232,-0.733397,0.420604,-0.734121,0.46008,-1.527993,0.893698,-0.328191,0.464313
215,0.303599,0.263382,0.706155,0.542791,0.213059,0.507015,0.308406,0.697396,0.037245,0.47445
216,-1.199989,0.262395,-2.047532,0.564042,-1.177295,0.458404,0.778379,0.999804,-0.949384,0.499559
217,-2.321805,0.31693,-1.588405,0.424074,-3.940736,1.002037,-2.414053,0.929854,-1.996246,0.796667
218,0.201671,0.269586,-0.338706,0.521156,-0.004744,0.475547,0.951308,0.79928,0.594641,0.519185
219,-1.564087,0.256958,-1.432859,0.353523,-1.628856,0.531806,-0.868905,0.743789,-2.771656,1.001278
220,-0.068964,0.250072,-0.310657,0.414931,-0.556906,0.391187,0.281373,0.735531,1.174002,0.670965
221,-1.632828,0.277521,-1.703684,0.400131,-1.227994,0.523699,-2.984244,1.196979,-1.386419,0.625582
222,-2.406056,0.329674,-2.602225,0.573629,-2.591964,0.604541,-1.646084,0.747772,-2.301248,0.866214
223,-0.394597,0.248204,-0.093518,0.422749,-0.444204,0.468316,-1.213957,0.736022,-0.307041,0.621022
224,-2.195288,0.316014,-1.986691,0.472325,-2.524246,0.558576,-2.353268,0.843117,-1.739405,0.858165
225,-2.074068,0.32203,-2.939686,0.646894,-2.225679,0.557309,-1.340303,0.857247,-0.544467,0.709599
226,-1.409246,0.239835,-1.268589,0.372689,-1.134674,0.430151,-1.887221,0.691086,-2.283871,0.908383
227,-0.840072,0.227521,-0.586119,0.401067,-0.380186,0.452425,-1.542675,0.685931,-1.489895,0.630915
228,-0.4894,0.252574,-0.274135,0.431126,-0.101179,0.490587,-0.16633,0.687162,-1.538052,0.594241
229,-1.071147,0.234244,-0.853585,0.352124,-1.355214,0.416649,-2.604773,1.088592,-0.034278,0.565544
230,-0.96077,0.275186,-1.403258,0.419832,-0.436964,0.4544,-0.921429,0.832673,-0.912749,0.782834
231,-1.127814,0.244285,-0.74571,0.344579,-0.677218,0.518181,-2.729601,1.168352,-2.532109,0.866525
232,-1.791081,0.287631,-1.685972,0.421925,-1.446511,0.515902,-2.572219,1.010906,-2.397082,1.044524
233,-2.153509,0.305961,-1.907138,0.434806,-1.938788,0.494783,-2.348502,1.056043,-4.5941,0.744565221
234,-0.546256,0.223233,-0.355963,0.386579,-0.58434,0.404766,-2.200279,0.976373,-0.238843,0.440948
235,-0.331983,0.240441,-0.308517,0.382008,-0.541717,0.471013,-0.8679,0.643537,0.23033,0.486426
236,-0.166258,0.252454,-0.484289,0.400609,-0.032591,0.437045,0.708485,0.90552,-0.17575,0.588094
237,-0.621608,0.259243,-0.097994,0.465316,-0.526124,0.45686,-2.835965,1.77448,-1.249831,0.648999
238,-2.267156,0.317334,-1.646924,0.410884,-2.845196,0.621739,-3.41244,1.409242,-2.966841,1.243744
239,-3.1091,0.414137,-2.860895,0.626136,-3.251982,0.679208,-4.5941,0.723420196,-2.681508,0.840683
240,0.146937,0.232074,-0.544243,0.393762,0.028461,0.459916,1.3374,0.279099551,0.618849,0.398086
241,-1.13361,0.261897,-1.558449,0.40895,-1.462489,0.533707,-0.595204,0.641834,-0.302798,0.532299
242,-1.620734,0.256278,-1.512692,0.393341,-1.602305,0.481367,-2.333711,0.792519,-1.375979,0.595353
243,0.179008,0.262597,0.702568,0.535317,0.200522,0.49264,-0.617314,0.655604,0.039206,0.573429
244,-0.054108,0.241711,0.200734,0.444992,-0.19791,0.430315,0.631532,0.682376,-0.648872,0.532679
245,-2.37817,0.31442,-3.110224,0.926451,-2.728023,0.538014,-1.307521,0.602909,-2.29566,0.707961
246,1.209662,0.292003,0.860691,0.51987,0.471486,0.496932,1.3374,0.292254142,1.3374,0.292254142
247,-1.887245,0.313599,-1.952901,0.569909,-1.422914,0.460022,-4.5941,0.764564999,-2.113733,0.721901
248,-1.508342,0.272306,-1.30765,0.414666,-1.374056,0.43169,-3.755871,1.94301,-2.068804,0.902873
249,-0.874619,0.231898,-0.514672,0.370416,-1.21654,0.462549,-1.680311,0.729098,-0.667154,0.637741
250,-2.07357,0.284247,-2.162201,0.437306,-2.070547,0.46669,-0.632735,0.792248,-4.5941,0.756494055
251,-2.053352,0.323581,-2.537202,0.739215,-2.034406,0.473414,-1.716393,0.824611,-1.647042,0.779837
252,-2.68486,0.360123,-3.209771,0.776147,-2.851127,0.670092,-1.19843,1.04682,-2.522625,0.772271
253,-1.321288,0.281011,-1.139259,0.372978,-1.448651,0.605001,-0.633176,1.160015,-1.94559,0.758198
254,-0.54968,0.249506,-0.442527,0.393687,-0.717681,0.494577,-0.423298,0.60483,-0.689248,0.624518
255,-3.136797,0.451982,-3.248426,0.761026,-2.547881,0.630094,-4.5941,0.718326777,-3.694553,1.423502
256,-0.658247,0.240576,-1.270414,0.352525,-0.051125,0.468741,-0.093554,0.677475,-0.407154,0.509108
257,-1.76194,0.298327,-1.838395,0.467166,-1.766822,0.505757,-1.92661,1.004283,-1.444252,0.722643
258,0.103289,0.262698,0.086069,0.462984,-0.120596,0.502984,0.784589,0.744014,0.000802,0.510146
259,-0.264607,0.246458,-0.442209,0.374916,-0.021918,0.447794,-0.730289,0.678898,0.197911,0.695911
260,-0.381912,0.223909,-1.019525,0.358193,0.368148,0.541099,-0.233794,0.590815,0.043414,0.485228
261,0.058124,0.237937,0.662306,0.511058,-0.150369,0.482967,0.124048,0.559785,-0.405419,0.466478
262,-1.540666,0.263695,-1.591748,0.343471,-1.841468,0.636019,-0.498037,0.665058,-2.205014,1.016168
263,-2.258026,0.320275,-1.795141,0.433761,-2.998364,0.77899,-2.848609,1.283084,-2.265851,0.831772
264,-1.717591,0.276358,-1.352152,0.413075,-2.089802,0.510348,-2.411343,0.964606,-1.450149,0.726286
265,-0.808171,0.244827,-0.331639,0.387727,-1.626037,0.542737,0.712017,0.845733,-2.002939,0.881797
266,1.3374,0.327401735,1.3374,0.327401735,1.3374,0.327401735,0.650541,0.759715,1.011773,0.637716
267,0.341171,0.256948,0.254189,0.411711,-0.230275,0.46675,0.481094,0.81245,0.889634,0.464499
268,-0.842408,0.235919,-0.948276,0.38173,-0.375429,0.440893,-0.520997,0.602216,-1.900329,0.784033
269,-0.489721,0.233786,-0.417732,0.34993,-1.019864,0.480603,0.316429,0.716393,-0.450414,0.580469
270,-1.070049,0.263744,-0.601747,0.466555,-1.648143,0.538796,-0.111611,0.684739,-2.022431,0.878269
271,-0.8034,0.246247,-0.676917,0.438256,-1.019264,0.414646,-0.977832,0.68132,-0.465407,0.576186
272,1.3374,0.295247233,1.3374,0.295247233,1.3374,0.295247233,1.3374,0.295247233,1.3374,0.295247233
273,-1.37586,0.26375,-2.279674,0.504985,-1.000731,0.50601,-0.917567,0.684083,-0.725839,0.4916
274,-0.396109,0.25969,-0.466325,0.415261,-1.013429,0.48953,0.531379,0.868622,0.041504,0.575321
275,-0.5455,0.241786,-0.940523,0.406557,0.161788,0.471801,-0.639782,0.606236,-1.013853,0.638049
276,-1.868031,0.294455,-1.841877,0.483551,-1.473728,0.433011,-2.281979,1.077898,-4.5941,0.742535703
277,-0.847865,0.255242,-0.476965,0.545364,-0.832953,0.411163,-1.581108,0.757547,-0.877781,0.600043
278,-1.625311,0.249175,-1.399842,0.348298,-2.154872,0.551641,-2.359736,0.97278,-1.136088,0.621948
279,-1.249193,0.236082,-1.288826,0.386681,-1.86331,0.50201,-0.76312,0.592879,-0.771226,0.484505
280,-1.347195,0.23335,-1.065134,0.375916,-1.800964,0.457902,-2.383752,0.787561,-0.493342,0.540489
281,-0.520792,0.239583,-0.538645,0.387978,-1.336371,0.54209,0.132233,0.606067,-0.255532,0.479276
282,-1.359722,0.264728,-1.543999,0.401964,-1.40794,0.495149,-1.46273,0.818756,-0.706857,0.645154
283,-2.701797,0.347657,-2.270944,0.447078,-3.097917,0.74568,-4.5941,0.730502201,-2.58063,0.83022
284,-1.20803,0.247649,-1.346478,0.356718,-1.550112,0.54256,-0.954523,0.652956,-0.626368,0.522589
285,-0.835639,0.215001,-1.234892,0.322623,-0.650802,0.402334,-0.217253,0.649948,-0.556221,0.488769
286,-0.345227,0.246642,-0.211774,0.415854,-0.120224,0.52296,-0.449775,0.606431,-0.739907,0.585072
287,-1.479301,0.234147,-1.593889,0.353311,-1.486409,0.443789,-0.900965,0.61334,-1.652832,0.639702
288,-1.867222,0.286952,-1.999886,0.463133,-1.690035,0.441219,-1.074393,1.108382,-2.581387,1.11008
289,-3.05796,0.404411,-3.84223,1.037377,-3.136574,0.67914,-1.706489,0.737799,-3.285053,1.206613
290,-2.192173,0.261812,-2.304304,0.420264,-2.648554,0.539665,-3.146149,1.046549,-0.805453,0.576228
291,-1.359616,0.249229,-1.474556,0.386371,-1.572447,0.460988,-1.626597,0.840044,-0.620022,0.542231
292,-1.656555,0.267757,-1.606854,0.357713,-1.663708,0.583941,-0.867483,0.718792,-2.744796,0.992045
293,-0.740612,0.224619,-0.554328,0.366514,-1.319473,0.460221,-0.739722,0.669174,-0.379472,0.476088
294,-0.462827,0.244481,-0.432809,0.416257,-0.352584,0.414691,-0.826268,0.719741,-0.491849,0.593089
295,-1.60892,0.280536,-2.114913,0.507634,-0.908502,0.458049,-0.675601,0.808467,-2.793532,1.00518
296,-1.922416,0.318321,-1.925004,0.433917,-1.861885,0.628515,-1.075383,1.058662,-2.672717,1.129343
297,-1.868868,0.297599,-1.2207,0.476432,-3.033769,0.895643,-2.51108,0.954506,-1.518346,0.658729
298,-1.288638,0.25911,-0.977232,0.358756,-2.046325,0.554053,-1.003984,0.66908,-1.409811,0.699628
299,-0.959296,0.23304,-1.003842,0.364657,-0.562565,0.446769,-0.80205,0.709101,-1.433565,0.562285
300,-2.07678,0.305376,-2.04664,0.50803,-1.695399,0.454927,-2.27793,0.854761,-4.5941,0.75103263
301,0.042822,0.261763,0.755789,0.59863,-0.208357,0.481258,-0.343234,0.598152,-0.166892,0.579464
302,-1.231123,0.251157,-1.210967,0.44558,-1.695038,0.454916,-1.649932,0.655499,-0.144543,0.599463
303,-1.350142,0.263935,-1.142749,0.397529,-1.366922,0.481179,-1.428752,0.865552,-2.037104,0.886633
304,0.436142,0.260955,0.775655,0.455733,0.962713,0.58187,-1.045294,0.713635,0.414333,0.563413
305,-1.724964,0.276966,-2.198052,0.498566,-1.291106,0.472476,-1.995499,1.039392,-1.489473,0.624052
306,-1.459084,0.243381,-2.016909,0.461584,-1.064135,0.43224,-1.108124,0.558316,-1.41414,0.558819
307,-1.070404,0.250346,-0.888341,0.365862,-1.109807,0.455847,-0.913771,0.786743,-1.932064,0.901433
308,-2.561262,0.358655,-3.235117,0.81143,-1.961686,0.497459,-4.5941,0.71833382,-2.434314,0.883757
309,-2.003434,0.261663,-1.949204,0.360279,-1.754041,0.481138,-2.613909,1.051883,-2.53989,0.928962
310,-1.790964,0.288278,-2.011554,0.431848,-1.381589,0.526307,-2.521973,0.936745,-1.195446,0.748655
311,-1.579812,0.257535,-1.644031,0.482687,-1.270007,0.423586,-1.135818,0.592584,-3.607817,1.535885
312,-0.110831,0.242719,-0.481818,0.409721,0.368203,0.452515,1.091182,0.894316,-0.775587,0.550747
313,-1.381227,0.251668,-1.54781,0.428122,-1.180066,0.469767,-1.214424,0.604334,-1.507506,0.582933
314,-0.140778,0.230697,0.063953,0.420385,-0.175048,0.402716,0.71288,0.801558,-0.924634,0.623648
315,-2.471687,0.319006,-2.24729,0.466609,-2.638276,0.581546,-1.928211,0.78927,-4.5941,0.717485395
316,-1.870701,0.292326,-1.051958,0.416191,-2.563162,0.504772,-2.467872,1.183666,-2.145755,0.87362
317,-1.369065,0.247077,-1.105274,0.379185,-1.08568,0.424651,-1.851753,1.051872,-2.731409,0.877909
318,-1.351015,0.264256,-1.380532,0.389741,-2.103836,0.639499,-0.769886,0.593875,-1.013843,0.62638
319,0.008562,0.261676,0.592709,0.497579,-0.285149,0.490902,-0.510272,0.623895,-0.094817,0.590567
320,-4.347558,0.906537,-4.5941,0.731453268,-4.5941,0.731453268,-2.632678,1.115365,-4.5941,0.731453268
321,-1.589406,0.289344,-1.223092,0.459544,-1.108624,0.457051,-4.5941,0.742892551,-4.5941,0.742892551
322,-1.281845,0.285218,-0.656762,0.44851,-2.940879,0.949884,-0.675741,0.743978,-1.340406,0.633975
323,-2.018025,0.283291,-1.677282,0.385795,-2.375454,0.598296,-3.192713,1.465142,-2.062986,0.707565
324,-1.451111,0.298569,-1.650029,0.531988,-0.972505,0.464215,-4.5941,0.8134353,-1.342013,0.673013
325,-1.721496,0.241533,-1.495519,0.344414,-1.77723,0.520077,-1.774175,0.606685,-2.515518,0.899933
326,-2.139813,0.310076,-1.197411,0.513623,-2.881266,0.556277,-1.757497,0.850098,-2.399401,0.831936
327,-2.191636,0.279864,-2.079606,0.47585,-1.748723,0.410249,-4.5941,0.729596581,-4.5941,0.729596581
328,-2.372254,0.307662,-2.410471,0.479066,-2.388559,0.580757,-2.084925,0.736009,-2.571641,0.909333
329,-2.839364,0.407281,-4.375889,1.417551,-1.987381,0.5366,-4.5941,0.729364057,-2.810169,0.891477
330,0.569548,0.294225,0.610267,0.538275,0.603945,0.602631,0.368593,0.629668,0.676288,0.642062
331,-0.799612,0.245684,-0.834997,0.37181,-0.27545,0.515427,-1.565747,1.024905,-1.036413,0.53995
332,-0.318247,0.235815,-0.20693,0.388844,-0.514132,0.431427,-0.413506,0.698318,-0.204794,0.497171
333,-1.081796,0.264743,-1.430251,0.462881,-0.7892,0.458853,-1.535528,0.98976,-0.795787,0.522425
334,-1.792003,0.313298,-2.41626,0.665068,-1.500571,0.480982,-2.458461,1.069839,-1.213164,0.611837
335,-0.43563,0.233337,-0.314732,0.38669,-0.327552,0.415583,0.219482,0.807611,-1.253995,0.650409
336,-2.909865,0.386277,-4.5941,0.736986828,-2.886769,0.705385,-4.5941,0.736986828,-1.533771,0.598923
337,-0.927338,0.25947,-1.359538,0.38563,-0.758648,0.477027,-0.523509,0.669291,-0.304535,0.641367
338,-0.31809,0.235019,-0.528952,0.35961,0.347907,0.477249,-1.064409,0.850015,-0.471895,0.505251
339,-0.632699,0.266656,-1.315012,0.433583,-0.496731,0.522776,-0.213233,0.893806,0.094239,0.494041
340,-1.781521,0.286468,-2.700039,0.683919,-1.300415,0.475686,-1.551248,0.681282,-1.552517,0.612954
341,-0.917572,0.248099,-1.245446,0.405964,-0.68449,0.473797,-0.810296,0.700368,-0.710817,0.511566
342,-1.725753,0.247926,-1.651984,0.336932,-2.308056,0.54901,-1.511812,0.754553,-1.141169,0.65066
343,-1.971724,0.313522,-1.899957,0.444814,-2.148189,0.586105,-2.492036,1.442016,-1.641424,0.774799
344,-1.118633,0.25051,-1.446456,0.394743,-0.991197,0.4473,-1.051694,0.650269,-0.717862,0.55538
345,-0.218338,0.247055,-0.560235,0.419617,0.748567,0.530509,-0.626365,0.6231,-0.717808,0.545944
346,-1.295188,0.242323,-1.201437,0.353624,-1.437617,0.469157,-3.104641,1.53464,-0.77595,0.578508
347,0.106243,0.275816,-0.314132,0.518134,0.599615,0.473544,0.188489,0.839714,-0.186679,0.514365
348,-1.013856,0.253255,-1.241031,0.423445,-1.201663,0.533027,-0.608085,0.579917,-0.793856,0.537653
349,-1.282482,0.250147,-1.537584,0.39766,-0.48218,0.419441,-1.742221,0.789364,-3.177042,1.465333
350,0.608594,0.280574,1.126212,0.682283,1.085701,0.59489,1.3374,0.319648252,-0.423442,0.522725
351,-2.685935,0.375297,-4.037757,1.255986,-1.957755,0.500448,-4.5941,0.716964624,-2.53033,1.051477
352,-0.492076,0.26199,-0.898035,0.465834,-0.360783,0.48346,0.094041,0.714304,-0.479071,0.498108
353,-1.304455,0.263571,-1.440105,0.400487,-1.269684,0.479614,-0.654568,0.706006,-1.645305,0.839222
354,-3.100005,0.428689,-2.894579,0.615906,-3.125247,0.746907,-2.379422,1.065796,-4.5941,0.703728123
355,-2.620554,0.370039,-2.803392,0.644294,-2.543129,0.5428,-3.043193,1.342444,-2.031457,0.987645
356,1.3374,0.292277335,1.101061,0.582368,1.3374,0.292277335,1.3374,0.292277335,1.3374,0.292277335
357,-1.018569,0.240936,-1.247147,0.375174,-0.634768,0.39737,-0.37927,0.74591,-1.927094,0.73768
358,-2.128172,0.300872,-2.218168,0.528687,-2.136841,0.464616,-1.706316,0.929143,-2.14765,0.741052
359,0.320469,0.268194,0.35641,0.468821,0.874832,0.55402,-0.514083,0.7879,0.10382,0.483038
360,-1.529021,0.265029,-1.349231,0.41918,-2.237001,0.51526,-0.956943,0.69012,-1.177268,0.611076
361,-2.455942,0.328084,-2.00558,0.40305,-3.799572,1.025367,-1.61799,0.721203,-4.5941,0.733134394
362,-2.852231,0.381458,-2.76278,0.645773,-3.831384,1.048541,-2.996358,1.148218,-1.958827,0.652029
363,0.032698,0.259406,-0.306611,0.399226,-0.311783,0.465167,0.937987,0.928252,0.75624,0.604116
364,-3.561668,0.596916,-3.012238,0.691106,-3.344459,0.971232,-4.5941,0.745053182,-4.5941,0.745053182
365,0.257266,0.28844,0.126929,0.444721,0.563674,0.537032,-0.184072,0.671466,0.690653,0.969146
366,0.072572,0.252017,0.337587,0.499361,-0.080644,0.457005,0.323151,0.594845,-0.255605,0.528672
367,-1.017806,0.251896,-1.101519,0.393007,-1.341255,0.476249,-0.841593,0.715413,-0.475024,0.538004
368,0.29966,0.281128,-0.046082,0.508203,1.317824,0.577338,-0.880862,0.849449,0.110412,0.493234
369,-1.166522,0.267739,-0.253002,0.473552,-1.545518,0.502545,-1.396589,0.664697,-2.536217,1.04289
370,-2.582903,0.341295,-2.59261,0.566266,-2.594716,0.591297,-3.182604,1.154823,-2.184334,0.746956
371,-3.23379,0.446799,-3.65198,0.997568,-3.961371,1.107802,-2.816218,0.81652,-2.340313,0.795372
372,-1.998565,0.277277,-2.577877,0.509547,-1.833201,0.492613,-0.490931,0.669643,-2.372269,0.912948
373,-2.513296,0.330646,-2.261845,0.44548,-3.458918,0.856949,-2.769628,0.918826,-1.833473,0.72253
374,-1.750919,0.292211,-1.783453,0.419595,-2.950515,0.952071,-0.666679,0.690653,-1.555503,0.709326
375,-1.350719,0.248465,-1.475778,0.400755,-1.298875,0.431978,-1.40919,0.678735,-1.089506,0.617577
376,-1.421817,0.253947,-1.23448,0.377513,-1.573326,0.492317,-2.757526,1.138239,-0.958233,0.637089
377,-0.465467,0.252171,-0.092301,0.427341,-0.807044,0.461875,-0.257608,0.577572,-0.946364,0.684973
378,-2.414453,0.31075,-2.429548,0.485646,-2.04633,0.514442,-2.138339,0.771794,-4.5941,0.740155662
379,-2.089915,0.28507,-2.700765,0.622721,-1.425049,0.478947,-1.446585,0.88305,-2.707398,0.809995
380,-1.797325,0.277049,-2.318319,0.510923,-1.892707,0.504084,-0.149084,0.952269,-1.542748,0.546167
381,-1.356339,0.263639,-1.702308,0.362958,-1.371472,0.557152,-0.971575,0.805402,-0.434806,0.664139
382,-2.601525,0.374518,-2.375577,0.599362,-4.5941,0.728239327,-2.683847,1.003839,-1.349125,0.631223
383,-3.423944,0.477199,-4.5941,0.670894934,-3.954461,0.988472,-3.014157,1.360909,-2.216333,0.637189
384,-1.342122,0.269331,-1.088512,0.371652,-3.184545,1.202593,-0.152271,0.704292,-2.19923,0.940587
385,-1.015398,0.239475,-1.043491,0.383182,-0.492206,0.436861,-1.769725,0.756359,-1.490974,0.743441
386,-2.669079,0.333187,-4.5941,0.718102452,-2.424602,0.512035,-1.144479,0.691154,-4.5941,0.718102452
387,-1.856669,0.270582,-2.182346,0.455536,-1.821244,0.476968,-0.61894,0.581809,-2.615144,1.010821
388,-0.894464,0.259678,-1.14961,0.416583,-0.668563,0.467925,-0.621218,0.728216,-0.908381,0.695461
389,-0.814764,0.25128,-0.512567,0.414042,-0.567304,0.435256,-2.180597,0.698247,-0.727913,0.60653
390,0.840598,0.308521,0.267804,0.454129,1.3374,0.340472347,0.575018,0.671898,0.428533,0.810839
391,-0.47432,0.250803,-0.630423,0.493096,-0.49189,0.42531,0.073234,0.732343,-0.564675,0.493001
392,-0.7889,0.237594,-0.699367,0.365013,-0.614484,0.44293,-1.510777,0.904792,-0.955051,0.594805
393,-0.680282,0.237258,-1.146521,0.358328,-0.011223,0.417428,-0.180771,0.804622,-1.11858,0.551921
394,-2.005343,0.26741,-2.520472,0.540642,-1.690476,0.430728,-1.265697,0.719121,-2.393476,0.833677
395,0.997645,0.290384,0.838144,0.522989,1.3374,0.307083491,0.922329,0.772719,0.577722,0.485595
396,-1.815558,0.302212,-1.852637,0.497174,-1.518812,0.532831,-2.756389,0.88961,-1.189844,0.757165
397,-1.879026,0.291186,-1.852261,0.475515,-1.979928,0.502112,-4.5941,0.784029359,-1.141286,0.587171
398,-3.1815,0.449835,-2.944298,0.598979,-4.0172,1.28078,-2.211782,0.887549,-4.5941,0.691640929
399,-1.954338,0.320561,-1.799843,0.573574,-1.546682,0.481219,-2.245096,0.775224,-4.5941,0.749768148
400,-1.582793,0.253473,-1.554964,0.340917,-2.103745,0.627177,-1.410842,0.693528,-1.143212,0.664711
401,-1.631112,0.258113,-1.943427,0.411477,-0.958922,0.464593,-2.630338,1.245456,-1.749024,0.698177
402,-1.298953,0.227939,-1.152615,0.318879,-0.851533,0.46181,-2.856914,0.957044,-1.433837,0.765531
403,-2.007209,0.29219,-2.131961,0.488035,-1.48093,0.434735,-3.362978,1.572494,-2.642786,0.976351
404,-0.905959,0.249045,-0.563437,0.370192,-0.993084,0.540006,-1.006808,0.666153,-2.492157,1.052892
405,-2.151602,0.29063,-2.503856,0.472557,-2.129396,0.536518,-1.565431,0.848516,-1.576819,0.640175
406,-0.684434,0.23478,0.049073,0.4534,-0.886926,0.401457,-1.149977,0.750942,-1.725451,0.886156
407,-2.504268,0.344913,-1.799509,0.413105,-3.33541,0.832541,-4.5941,0.753198613,-2.72287,0.849401
408,-1.610867,0.27307,-1.425375,0.402945,-1.650389,0.484289,-1.691579,0.882505,-2.21426,1.00071
409,-1.100982,0.260888,-1.210146,0.419213,-0.921546,0.476546,-2.509078,1.244445,-0.64088,0.510887
410,-0.693918,0.247819,-0.23687,0.432551,-0.929577,0.453353,-0.951922,0.653517,-1.004998,0.624088
411,-2.566725,0.394205,-2.545034,0.604329,-3.332091,1.039163,-2.378115,1.09725,-2.03626,0.744565
412,-1.265551,0.280282,-1.445108,0.47876,-0.665255,0.454175,-4.5941,0.761258701,-1.081341,0.624679
413,-0.075992,0.258914,0.283121,0.483827,-0.458759,0.419937,-1.349557,0.880691,0.962157,0.67636
414,0.117063,0.279971,0.020085,0.448819,0.270342,0.488838,-0.121436,0.734351,0.232547,0.697743
415,-2.659715,0.373607,-2.215972,0.57427,-2.449633,0.543389,-3.815016,1.504307,-4.5941,0.714426346
416,-1.131053,0.244278,-0.44392,0.444119,-1.847213,0.499587,-1.564861,0.74958,-0.95806,0.530168
417,0.034257,0.25314,-0.151305,0.430821,0.054652,0.515624,0.09339,0.613585,0.227862,0.536116
418,-2.068096,0.317432,-2.438603,0.612879,-1.852034,0.528042,-1.8738,0.820415,-2.018916,0.738009
419,-1.195647,0.254295,-2.247088,0.491552,-0.635194,0.439656,0.383732,0.849628,-1.141573,0.683443
420,-1.753039,0.251313,-2.364781,0.482105,-1.152554,0.452173,-1.575739,0.675521,-1.734422,0.681177
421,-0.331298,0.252511,-0.869101,0.445661,0.6403,0.560746,0.000348,0.719405,-0.696843,0.507197
422,0.090867,0.264502,-0.054978,0.428257,0.047867,0.444527,0.843758,0.820234,-0.003119,0.654289
423,-4.5941,0.697215234,-4.5941,0.697215234,-4.5941,0.697215234,-4.5941,0.697215234,-4.5941,0.697215234
424,-1.021136,0.241694,-0.415714,0.382636,-1.637723,0.470938,-0.632804,0.682155,-2.032524,0.795802
425,-0.023467,0.255138,0.594869,0.535896,-0.29749,0.413697,-0.324993,0.701626,-0.092911,0.53426
426,-1.579088,0.237461,-2.079816,0.384671,-1.096963,0.452054,-1.394949,0.590466,-1.04852,0.70305
427,-1.52436,0.260507,-1.169858,0.395558,-2.864534,0.636516,-0.886024,0.656841,-1.030786,0.590149
428,-1.552855,0.268423,-1.661336,0.403364,-1.662236,0.525736,-0.705992,0.693609,-2.01765,0.921083
429,-1.206328,0.246252,-1.353854,0.358743,-0.981216,0.470663,-1.008128,0.696099,-1.314817,0.642472
430,-0.565796,0.250132,-0.438364,0.428618,-0.634407,0.428437,-0.836895,0.826154,-0.537493,0.575135
431,-2.953946,0.409031,-3.33667,0.809287,-2.556674,0.637659,-3.074568,0.973017,-2.838172,1.17212
432,-2.513234,0.322478,-3.117955,0.684431,-2.145241,0.478809,-3.457968,2.039264,-1.818706,0.825831
433,-2.136537,0.284155,-2.0977,0.408319,-1.941945,0.453042,-1.644075,0.958832,-4.5941,0.758228034
434,-1.620213,0.265798,-1.563892,0.372411,-1.475554,0.513418,-1.514781,0.765797,-2.500853,1.104502
435,-0.334894,0.241755,0.004937,0.512457,-0.006851,0.498807,-0.779002,0.555934,-0.642004,0.477032
436,-1.659219,0.250216,-1.536153,0.354379,-2.070799,0.615639,-0.860797,0.606077,-2.549031,0.852973
437,0.189848,0.244468,0.224283,0.444946,0.237241,0.424932,-0.683576,0.679685,0.618861,0.5166
438,-0.550687,0.225588,-0.607221,0.35571,-0.657673,0.427394,-0.329426,0.583099,-0.450615,0.51077
439,-0.959921,0.228673,-0.336986,0.383228,-1.344316,0.481259,-1.508664,0.757854,-1.578742,0.589251
440,-0.080675,0.258618,-0.204779,0.438221,0.767567,0.621934,-0.267056,0.583513,-0.425618,0.520836
441,-0.111248,0.244467,0.027112,0.4316,-0.162054,0.45078,-0.45465,0.726894,-0.079609,0.469874
442,-1.187235,0.257164,-0.880922,0.429056,-1.773273,0.58481,-1.034603,0.667297,-1.17946,0.56288
443,-2.442526,0.334622,-2.108713,0.450001,-2.618219,0.598642,-2.688879,1.047371,-4.5941,0.730487583
444,-2.702097,0.352244,-3.697588,1.020662,-2.126088,0.440777,-2.662266,0.974784,-4.5941,0.70481905
445,-1.373304,0.251052,-1.11251,0.387278,-2.010033,0.55475,-2.021945,0.742765,-0.852191,0.490673
446,0.972572,0.313927,1.3374,0.331633783,1.014662,0.51474,0.727206,0.888661,0.534821,0.571936
447,-2.366187,0.328629,-4.5941,0.725530392,-1.971822,0.512633,-1.165331,0.67968,-2.770858,0.94765
448,-1.451548,0.26575,-1.377511,0.41727,-1.676306,0.566088,-1.153604,0.635231,-1.591482,0.628453
449,-1.903795,0.286336,-1.594642,0.425965,-1.653574,0.454225,-2.435559,1.000784,-4.5941,0.744060504
450,-1.159473,0.269835,-1.065746,0.458966,-1.497446,0.447346,0.435656,0.899018,-1.711236,0.719758
451,1.07091,0.276472,1.066584,0.509438,0.864327,0.54787,0.068217,0.712983,1.3374,0.290412822
452,-2.123807,0.283063,-2.328518,0.486296,-1.735145,0.478713,-1.690585,0.690843,-4.5941,0.725365461
453,-0.666375,0.260869,-0.747208,0.421688,-0.36244,0.446631,-0.941347,0.714328,-0.888243,0.704996
454,-3.817823,0.699727,-3.994144,1.212735,-4.5941,0.748155918,-2.461897,0.867811,-4.5941,0.748155918
455,-0.401889,0.262595,0.739672,0.56807,-1.034216,0.503103,-0.149648,0.680475,-1.404611,0.746575
456,-3.365171,0.521535,-3.5952,0.895079,-2.790815,0.763119,-4.5941,0.747945366,-3.237576,1.283274
457,-3.001639,0.422379,-4.5941,0.685662973,-2.172836,0.478156,-4.5941,0.685662973,-4.5941,0.685662973
458,-1.558999,0.27803,-1.632064,0.472,-2.162038,0.521643,-0.968185,0.823008,-0.97295,0.528271
459,-1.830655,0.279487,-1.763552,0.457718,-1.454229,0.468291,-3.722924,1.505687,-1.969274,0.773147
460,0.05356,0.247666,0.775945,0.523809,-0.983548,0.473363,1.3374,0.312261665,-0.256033,0.52797
461,-1.152034,0.243441,-1.032178,0.368827,-1.380703,0.489129,-1.404577,0.786666,-0.981539,0.553537
462,-2.507996,0.352818,-2.12915,0.472343,-4.5941,0.737039472,-4.5941,0.737039472,-1.429574,0.567608
463,-0.693318,0.241614,-0.192688,0.401977,-1.28574,0.478061,-1.09973,0.698769,-0.569676,0.634535
464,-0.065344,0.263239,0.000198,0.490209,0.036388,0.493372,-0.200964,0.59279,-0.163533,0.570995
465,-1.967918,0.308474,-2.684075,0.662452,-1.637605,0.537453,-2.280324,1.027682,-1.102146,0.666034
466,-0.594644,0.267603,-1.628866,0.461519,-0.230514,0.537157,-0.283391,0.618889,0.531938,0.544348
467,-2.160595,0.300953,-2.318031,0.516409,-1.950561,0.490788,-2.553538,1.002895,-2.029269,0.714331
468,1.079019,0.290407,1.020012,0.4835,1.3374,0.301709545,0.979984,0.76272,0.89884,0.541284
469,-1.99725,0.347121,-1.92655,0.61075,-2.151165,0.578153,-3.146195,1.391152,-1.420494,0.606422
470,-1.485378,0.244792,-1.526182,0.323719,-1.904326,0.547544,-1.609642,0.881046,-0.451293,0.706551
471,-1.265799,0.254816,-1.380415,0.453842,-0.971896,0.497175,-1.811758,0.77584,-1.14758,0.489529
472,-0.848969,0.247254,-1.037849,0.36412,-0.750839,0.4981,-1.698747,0.745668,0.309698,0.723068
473,-0.950266,0.251391,-0.69077,0.410941,-1.034525,0.458666,-0.643702,0.616746,-1.66938,0.707032
474,-1.739877,0.265765,-1.688152,0.387989,-1.613853,0.499017,-2.091399,0.838014,-1.880859,0.718131
475,-1.012593,0.230663,-1.035592,0.344604,-1.163786,0.481012,-2.060648,1.28443,-0.676986,0.425207
476,-1.65379,0.257854,-1.599685,0.386269,-1.619733,0.45359,-2.067813,1.050396,-1.699143,0.646656
477,-0.366075,0.249822,-0.459468,0.41002,-0.780282,0.497984,0.335211,0.718735,-0.139456,0.490116
478,-3.06645,0.443735,-3.597544,1.063416,-2.780589,0.664166,-2.341997,0.846802,-4.5941,0.709380542
479,-0.902765,0.255196,-0.854145,0.432445,-1.024056,0.476375,-0.786964,0.601228,-0.913395,0.610267
480,-1.004963,0.25116,-1.315751,0.409155,-0.844935,0.474558,-0.558248,0.59011,-1.022287,0.581503
481,-1.507657,0.276913,-0.966098,0.417293,-1.664267,0.519072,-3.040858,1.392725,-2.28384,0.916853
482,-1.594024,0.262951,-1.433849,0.373818,-1.945944,0.548342,-1.655971,0.947354,-1.498209,0.645691
483,0.015494,0.255082,-0.245915,0.396542,1.06862,0.592074,0.087547,0.589559,-1.122574,0.730717
484,-2.677881,0.35821,-2.533639,0.535738,-3.20838,0.76245,-4.5941,0.710268576,-1.299608,0.786971
485,-1.641071,0.282709,-1.548238,0.412798,-2.055243,0.514663,-1.079312,0.923677,-1.320949,0.730318
486,-0.393362,0.231743,-0.389628,0.380373,0.092746,0.443906,-1.782011,1.139118,-0.647443,0.464733
487,1.3374,0.318375683,1.112485,0.506461,1.3374,0.318375683,0.669523,0.787649,1.3374,0.318375683
488,-0.390983,0.243482,-0.786001,0.42796,-0.332199,0.414021,0.000651,0.672375,-0.038951,0.582356
489,-0.24852,0.246967,-0.254244,0.382861,0.1865,0.553749,-0.13611,0.719783,-0.681115,0.512712
490,0.152647,0.268959,0.473902,0.649322,-0.269167,0.417772,0.122762,0.701077,0.53181,0.507814
491,0.848709,0.291753,0.982875,0.595799,0.047825,0.517884,1.3374,0.310834509,1.00921,0.498275
492,-2.83857,0.393957,-3.496566,1.025382,-2.812746,0.663486,-3.514356,1.571254,-2.010245,0.707846
493,-2.022472,0.273199,-1.952732,0.425222,-1.921662,0.442828,-1.862982,0.868452,-2.683382,0.878451
494,-1.033522,0.240226,-1.386215,0.40018,-0.792822,0.429732,-0.671743,0.656441,-0.968403,0.517449
495,-1.069805,0.26293,-1.096465,0.41598,-0.334312,0.479998,-3.089074,1.37888,-1.661145,0.783366
496,-1.59528,0.296566,-1.976304,0.582932,-1.54936,0.465394,-1.648645,0.850061,-1.075688,0.624335
497,-0.629982,0.259077,-0.691544,0.424533,-1.318415,0.521856,0.840828,0.80827,-0.583084,0.526809
498,0.253844,0.299505,0.730579,0.58602,-0.109791,0.477641,-0.314272,0.906215,0.508965,0.614782
499,-2.088988,0.291597,-2.741161,0.657921,-2.402733,0.467666,-1.732769,0.806754,-1.053028,0.525136
500,-0.512787,0.247255,-0.390145,0.470823,-0.496276,0.488111,-1.123169,0.723567,-0.378773,0.433297
501,-0.575867,0.246133,-0.412957,0.430173,-0.667476,0.451634,-1.019119,0.780632,-0.488288,0.484705
502,-0.891622,0.244553,-1.097123,0.388457,-0.925475,0.46008,-1.151973,0.763583,-0.376286,0.513848
503,-2.751672,0.410183,-2.304562,0.51372,-3.242854,0.856956,-2.653162,1.260418,-4.5941,0.770059727
504,-1.262273,0.275333,-1.839421,0.508056,-1.063302,0.466672,-0.318821,0.608075,-1.536747,0.796452
505,0.06785,0.252483,-0.232553,0.377461,0.016891,0.492981,0.274377,0.741972,0.595068,0.560288
506,-0.444538,0.235508,-0.381028,0.394323,-0.813062,0.48995,0.367608,0.636236,-0.697848,0.483915
507,-0.22807,0.245577,-0.491348,0.358006,-0.236301,0.464051,0.405543,0.658508,-0.154196,0.634024
508,-0.460053,0.23138,-0.620448,0.343658,-0.765069,0.461803,0.591375,0.624287,-0.584479,0.569323
509,-0.942899,0.234225,-0.917289,0.397492,-0.840763,0.445652,-0.50633,0.575949,-1.477522,0.590787
510,-2.130511,0.270635,-2.040479,0.350001,-2.3401,0.585064,-2.184559,0.76406,-2.089405,1.040397
511,-1.56683,0.230521,-1.766488,0.316127,-1.290074,0.429275,-1.161451,0.793485,-1.538263,0.711759
512,-1.949232,0.273672,-2.455194,0.502467,-1.148342,0.504051,-1.708972,0.664077,-2.472937,0.905384
513,1.036205,0.328888,1.266563,0.623564,0.668635,0.620367,0.69971,0.643921,1.3374,0.339598134
514,-0.545536,0.239059,-1.430178,0.452412,-0.533764,0.46066,-0.33597,0.562461,0.504821,0.521698
515,-0.195977,0.254753,-0.522363,0.47262,0.687248,0.51425,-0.380557,0.628139,-0.726367,0.542627
516,-2.449351,0.35665,-4.5941,0.741286292,-2.117984,0.511738,-2.705448,1.3102,-1.628049,0.648913
517,-3.360096,0.527544,-3.566545,1.049509,-2.805695,0.623377,-4.5941,0.737848971,-4.5941,0.737848971
518,-0.235276,0.252066,0.273656,0.492055,-0.129226,0.461162,-0.903853,0.675987,-0.604869,0.574754
519,-1.045172,0.235069,-1.182242,0.36405,-1.31228,0.464096,-1.210819,0.633328,-0.233224,0.49821
520,0.156068,0.265537,0.769054,0.548881,0.135282,0.459816,-1.415642,0.943364,0.024689,0.562897
521,-0.458894,0.237401,-0.803563,0.383428,-0.117279,0.471726,-0.008478,0.614391,-0.595474,0.516666
522,0.465277,0.271819,0.47757,0.524912,1.3374,0.32878279,0.226766,0.834707,-0.445658,0.472171
523,-2.181658,0.301415,-2.078983,0.410963,-2.655104,0.599839,-2.233911,1.111637,-1.50029,0.781701
524,-1.531974,0.247376,-1.64846,0.350756,-1.476122,0.518222,-1.494962,0.760018,-1.283921,0.585313
525,-1.564718,0.253799,-1.425887,0.352892,-1.777205,0.49804,-2.736105,1.316102,-1.135515,0.676558
526,-0.715138,0.222101,-0.505795,0.364236,-0.399425,0.437023,-0.475101,0.634889,-2.032395,0.841776
527,0.928805,0.282554,1.3374,0.296873469,0.668609,0.51032,-0.644567,0.873699,0.95882,0.526377
528,-0.859554,0.242459,-0.535842,0.384288,-0.969227,0.502747,-3.277724,1.863676,-0.894804,0.522575
529,-0.424252,0.253512,-0.426723,0.420479,-0.46172,0.512492,0.064174,0.690808,-0.675199,0.525788
530,-0.822129,0.23452,-1.023843,0.324511,-0.737751,0.45987,-0.918889,0.802661,-0.245174,0.570661
531,-0.941454,0.249641,-1.033343,0.364454,-0.450317,0.47591,-1.693376,0.988406,-1.16768,0.66082
532,-2.069605,0.296372,-2.702101,0.636162,-2.152748,0.470895,-0.411058,0.682775,-2.306065,0.961183
533,-1.512754,0.276065,-1.16895,0.38509,-1.449159,0.491855,-2.215201,1.029646,-3.072067,1.366759
534,-2.656074,0.375088,-2.216416,0.557864,-3.31497,0.739294,-1.720879,0.721168,-4.5941,0.719257064
535,-2.17093,0.290693,-2.193062,0.458584,-1.992063,0.452259,-2.458737,1.011311,-2.53942,1.056066
536,-1.598405,0.269383,-1.439297,0.424571,-1.531915,0.451143,-2.994901,1.413612,-1.520765,0.727327
537,-0.998664,0.235945,-1.06254,0.344244,-0.900036,0.463486,-0.031483,0.655222,-2.303366,0.898182
538,-4.5941,0.724222821,-4.5941,0.724222821,-4.5941,0.724222821,-4.5941,0.724222821,-4.5941,0.724222821
539,-0.953297,0.273145,-0.431682,0.461769,-1.453641,0.438235,-0.560248,0.930046,-1.069618,0.668334
540,-0.262111,0.271049,-0.702532,0.43034,0.729258,0.618764,-0.991434,0.728553,-0.074617,0.524124
541,-1.654553,0.252468,-1.409472,0.371191,-1.893876,0.50706,-2.465294,0.935385,-1.513924,0.572488
542,0.035925,0.271682,0.135666,0.45906,0.099116,0.508503,0.337194,0.741113,-0.398543,0.58753
543,-0.793812,0.255195,-1.120391,0.448325,-0.571474,0.456836,-1.661023,0.733271,-0.033425,0.480191
544,-1.78924,0.247662,-2.096916,0.392172,-1.478201,0.445407,-1.288447,0.633784,-2.00503,0.81989
545,-1.59282,0.269276,-2.374324,0.514565,-0.346154,0.461698,-2.067579,0.793317,-2.389474,0.864288
546,-2.102888,0.284612,-2.537854,0.535297,-1.974767,0.477966,-1.165629,0.705977,-2.221907,0.728361
547,-1.779666,0.269896,-1.751738,0.460952,-1.571639,0.434019,-3.193941,1.373289,-1.760695,0.608838
548,-0.315542,0.244234,-0.559104,0.397417,-0.407931,0.411865,0.967395,0.843847,-0.586507,0.651214
549,-0.812637,0.255484,-1.392941,0.401846,0.436392,0.562648,-1.635764,0.812854,-0.866199,0.601963
550,-1.374491,0.254159,-1.267031,0.370641,-1.566568,0.482962,-1.085341,0.764042,-1.578604,0.743471
551,-1.429079,0.249126,-1.168474,0.374951,-1.664136,0.524652,-1.348787,0.603126,-2.185705,0.917355
552,-0.845766,0.238255,-0.786288,0.337965,-1.246617,0.453172,-1.080746,0.791643,0.031078,0.680024
553,-3.091408,0.421328,-4.5941,0.695615282,-2.505451,0.665462,-1.682072,0.780201,-4.5941,0.695615282
554,-0.637492,0.234596,-0.891195,0.383889,-0.117121,0.44992,-1.646962,0.713449,-0.245951,0.533564
555,-1.315482,0.235611,-1.482892,0.359787,-1.672173,0.444362,-1.051903,0.671636,-0.486556,0.535967
556,0.435184,0.272639,0.291082,0.487733,0.520617,0.49193,-0.43837,0.659047,1.125679,0.648976
557,-1.315221,0.234591,-1.695916,0.36916,-1.607359,0.530379,-0.021316,0.621863,-1.022158,0.546429
558,-2.001853,0.29982,-1.866994,0.47335,-2.226511,0.601789,-0.982909,0.582764,-4.5941,0.774048657
559,-0.894485,0.264156,-0.192813,0.506447,-1.417628,0.433523,-0.462453,0.653898,-1.654535,0.799768
560,-2.288182,0.31891,-1.957345,0.404612,-3.393104,0.930084,-0.885206,0.750778,-4.5941,0.73192804
561,1.3374,0.3532108,1.3374,0.3532108,1.3374,0.3532108,1.3374,0.3532108,1.299293,0.788575
562,-0.119036,0.238539,-0.233143,0.37542,0.891667,0.585766,-0.932826,0.648011,-0.428925,0.521332
563,-1.89283,0.282855,-2.296573,0.491428,-1.89364,0.517095,-0.622403,0.579742,-3.269266,1.468336
564,-2.268514,0.343697,-1.776657,0.474061,-2.902035,0.663229,-1.540217,0.827567,-4.5941,0.73849213
565,-3.376651,0.49913,-2.350921,0.473977,-4.5941,0.709289531,-4.5941,0.709289531,-4.5941,0.709289531
566,-1.543328,0.262289,-1.074902,0.385145,-2.496664,0.572364,-1.508116,0.677296,-1.43488,0.62372
567,-0.681596,0.24595,-0.675909,0.391688,-0.065341,0.474103,-2.560463,0.959437,-0.726903,0.506704
568,-0.414305,0.237453,-0.321981,0.383576,-0.623498,0.502959,-0.419469,0.581852,-0.360106,0.524054
569,-1.272898,0.257531,-1.05966,0.428799,-1.915806,0.45597,-1.241193,0.66646,-0.639923,0.529516
570,-2.179286,0.307036,-1.853168,0.434229,-2.547688,0.52866,-1.673334,0.920277,-2.756409,1.141002
571,0.793951,0.302731,0.659084,0.575671,0.252202,0.506741,0.019129,0.765628,1.3374,0.333705968
572,1.3374,0.334908814,1.3374,0.334908814,1.3374,0.334908814,1.3374,0.334908814,1.3374,0.334908814
573,-1.529329,0.247775,-1.576002,0.367075,-1.626032,0.482171,-1.568543,0.642158,-1.112748,0.685156
574,-1.544906,0.243582,-1.144216,0.359086,-1.609058,0.471051,-1.825916,0.717722,-4.5941,0.739870369
575,0.708755,0.291225,0.802538,0.539674,0.393755,0.516908,0.843547,0.759077,0.890088,0.599268
576,-1.910933,0.269333,-1.945726,0.412708,-1.678596,0.450924,-1.538931,0.662197,-4.5941,0.742195722
577,-1.802762,0.259746,-1.726323,0.40675,-1.850084,0.44571,-2.165565,0.72387,-1.501987,0.71473
578,-0.740404,0.240954,-0.545995,0.387573,-1.665891,0.535967,-0.049432,0.65871,-0.563961,0.579548
579,-3.056453,0.4553,-2.551184,0.575472,-4.5941,0.736290703,-3.193953,1.244924,-2.655647,0.84428
580,-1.666318,0.259242,-1.627573,0.392811,-1.297256,0.470252,-2.487169,0.94299,-1.981608,0.646715
581,-3.871378,0.694898,-4.5941,0.745089373,-3.420886,0.751338,-2.919734,1.718377,-4.5941,0.745089373
582,-2.946574,0.446174,-3.289268,0.905935,-2.952063,0.697911,-4.5941,0.705954643,-1.859964,0.843181
583,0.494841,0.246334,0.082204,0.390308,0.124679,0.465021,1.3374,0.313510458,1.092538,0.589096
584,-0.839338,0.257303,-0.883349,0.473858,-0.551586,0.429878,-0.875864,0.621043,-1.340042,0.680668
585,-0.895899,0.25089,-1.207282,0.535434,-0.698597,0.454423,-0.690108,0.559102,-1.006932,0.500484
586,-2.005351,0.262084,-2.149884,0.399995,-1.764735,0.496252,-2.323628,0.832826,-1.753204,0.648599
587,-0.492591,0.239197,-0.048576,0.419233,-0.765138,0.458278,-0.404326,0.653232,-1.167097,0.671444
588,-0.974997,0.247232,-0.209507,0.443024,-2.376059,0.550534,-1.011505,0.703953,-0.714335,0.49897
589,-1.041047,0.24345,-0.799902,0.388796,-0.935484,0.477738,-1.793642,0.77569,-1.23895,0.586644
590,-2.365537,0.353132,-2.339766,0.549129,-2.08322,0.536574,-2.648353,1.253996,-4.5941,0.720568926
591,-0.446203,0.251645,-0.260599,0.474283,-0.921867,0.440143,-0.549854,0.63532,0.154129,0.565384
592,-1.382516,0.26071,-1.440111,0.395224,-1.388753,0.42938,-1.5332,1.170537,-1.155685,0.638068
593,-1.43277,0.245847,-1.458594,0.396513,-1.516337,0.463583,-1.100903,0.590987,-1.599133,0.664854
594,-2.651381,0.339873,-3.423556,0.818493,-1.920013,0.477299,-2.614909,0.887305,-4.5941,0.734894032
595,0.746957,0.276555,0.764147,0.633421,1.3374,0.317844294,0.265179,0.812811,0.258519,0.447765
596,-2.055327,0.286555,-1.937925,0.436573,-2.447183,0.574552,-0.951099,0.72196,-2.569393,0.82018
597,-2.668502,0.342668,-4.5941,0.722012733,-2.977774,0.712996,-2.141386,0.653676,-1.497866,0.64024
598,-2.44322,0.338854,-2.676132,0.628929,-1.908629,0.466201,-3.099878,1.492638,-4.5941,0.731106197
599,-1.678719,0.259789,-1.79603,0.411141,-2.090175,0.488535,-0.36289,0.673608,-1.548114,0.628534
600,-0.825018,0.230327,-0.67724,0.349997,-1.123744,0.440513,-1.491245,0.823452,-0.458814,0.50042
601,0.381911,0.250984,0.512605,0.447704,-0.079943,0.448198,0.925788,0.827594,0.531598,0.505364
602,-0.549308,0.255976,-0.441775,0.400678,-0.626898,0.49764,-0.41574,0.730674,-0.727178,0.546412
603,-2.091126,0.29943,-2.449522,0.527607,-2.524564,0.558156,-1.301274,0.707175,-0.952227,0.728956
604,-2.32163,0.339223,-2.912127,0.696191,-1.936846,0.555159,-1.593859,0.772617,-2.789098,1.186382
605,-2.823185,0.455456,-3.696055,1.108805,-2.518374,0.804655,-2.149716,0.857714,-2.572878,1.186839
606,-1.754846,0.267079,-2.944645,0.725544,-1.057005,0.456015,-1.828841,0.765779,-1.372476,0.614497
607,-0.370723,0.252195,-0.236663,0.433237,-0.232789,0.486197,-0.941731,0.604276,-0.241869,0.593961
608,-1.559798,0.252362,-1.789193,0.418397,-1.544895,0.43397,-0.891999,0.856803,-1.401473,0.565376
609,-0.571502,0.250444,-0.356065,0.438613,-0.198151,0.461624,-3.274839,1.356243,-0.543114,0.501632
610,-2.251758,0.305142,-2.23015,0.43073,-3.073243,0.838881,-1.035952,0.651651,-3.081905,1.146107
611,-1.277064,0.236973,-1.503074,0.376508,-0.922119,0.423699,-0.502951,0.586578,-2.824469,1.165704
612,-1.590275,0.275585,-1.394391,0.444734,-1.6452,0.469017,-1.622894,0.833437,-1.956922,0.793078
613,-1.667876,0.284,-1.836325,0.453831,-1.443343,0.459803,-1.089639,0.831376,-2.257796,0.928175
614,-0.074685,0.252675,-0.157599,0.398785,-0.158324,0.46573,-0.416999,0.667016,0.466737,0.600983
615,-1.327273,0.258771,-1.422949,0.422352,-1.382885,0.486683,-1.399271,0.669277,-0.971496,0.607809
616,-0.54253,0.259611,-0.060506,0.499575,-0.666797,0.44508,-0.60919,0.68758,-1.158823,0.696231
617,-2.108255,0.323156,-2.083621,0.454636,-1.804239,0.538188,-4.5941,0.798681681,-1.812389,0.827312
618,-2.722186,0.368736,-4.5941,0.725862504,-2.068399,0.506585,-1.537387,0.917339,-3.242321,1.160682
619,0.448246,0.239201,0.13847,0.419923,-0.164889,0.454671,1.3374,0.28865116,0.907026,0.408951
620,-2.344062,0.32,-2.602079,0.588019,-2.451963,0.627195,-2.316402,0.785451,-1.755643,0.696524
621,-1.993264,0.286881,-3.014871,0.786847,-1.280171,0.471216,-2.170545,0.750952,-1.968326,0.671253
622,-0.950974,0.242547,-0.38718,0.418418,-1.564928,0.466121,0.484544,1.022796,-1.532803,0.600465
623,-2.033543,0.294676,-1.858944,0.52789,-2.843064,0.606049,-1.156511,0.663472,-1.585468,0.651031
624,-0.323254,0.265266,-0.61613,0.418468,-0.53541,0.484816,1.3374,0.350948504,-0.811758,0.617444
625,-1.818147,0.259558,-2.080891,0.378562,-1.554971,0.473811,-1.232078,0.75265,-1.797634,0.918165
626,0.445763,0.270231,0.263476,0.431036,0.452294,0.502893,0.592394,0.831647,0.653221,0.565768
627,0.276699,0.251291,0.1606,0.447874,0.586529,0.515957,-0.514095,0.711997,0.464381,0.450556
628,-0.856392,0.240248,-0.739312,0.387328,-1.011814,0.42809,-1.774561,0.890553,-0.346014,0.580503
629,-1.114618,0.283089,-0.781066,0.442351,-1.360024,0.572959,-1.660377,0.782881,-1.036838,0.666957
630,-2.859922,0.37145,-2.75842,0.621386,-2.565807,0.490732,-4.5941,0.712274662,-3.270751,1.297742
631,-1.914011,0.291449,-2.416368,0.554169,-1.816306,0.508184,-1.254793,0.665148,-1.782756,0.642401
632,-0.615195,0.259996,-0.875817,0.414172,-0.482549,0.52063,-0.875648,0.875649,-0.177178,0.576496
633,-0.138969,0.248312,-0.108565,0.418627,0.247136,0.49617,-0.545905,0.635585,-0.43108,0.58297
634,0.484093,0.301407,0.234544,0.455234,0.174008,0.56883,1.278113,0.961796,1.018528,0.85
635,-3.471538,0.549455,-4.5941,0.71880651,-2.616932,0.669777,-4.5941,0.71880651,-2.8502,1.116739
636,-1.784512,0.290159,-1.581609,0.439273,-1.816684,0.525374,-3.10763,1.167453,-1.511441,0.642704
637,-1.802123,0.282561,-1.343427,0.384765,-2.582283,0.763814,-1.32325,0.698446,-4.5941,0.760891921
638,-2.380771,0.324131,-1.808359,0.440744,-2.261737,0.533505,-4.5941,0.710462684,-4.5941,0.710462684
639,-1.098197,0.24427,-0.704083,0.409322,-1.714808,0.47115,-1.459148,0.837232,-0.693825,0.543651
640,-2.010196,0.297866,-2.026493,0.42694,-1.957469,0.549404,-3.066115,1.398709,-1.586769,0.685512
641,-0.947048,0.244924,-1.405818,0.404667,-0.935427,0.452362,-0.166705,0.626222,-0.68005,0.508064
642,-0.910381,0.235198,-0.956303,0.358734,-1.195823,0.468144,-0.92061,0.633266,-0.418845,0.532089
643,-0.242759,0.250672,-0.609033,0.447801,-0.539168,0.429593,0.700788,0.681214,-0.012531,0.561921
644,-1.269965,0.244781,-1.797716,0.378063,-1.027637,0.450275,-0.189123,0.569602,-1.278251,0.791782
645,-0.173713,0.260007,-0.591058,0.405321,0.674514,0.560505,-0.170156,0.635992,-0.552385,0.752356
646,-1.101075,0.240854,-1.344151,0.377534,-1.289533,0.48959,-0.250617,0.591075,-1.031469,0.596717
647,-2.98939,0.45799,-3.679228,1.070311,-2.154449,0.620501,-3.060369,1.147939,-4.5941,0.754482923
648,-0.236919,0.245691,-0.282775,0.479555,-0.145825,0.402512,0.163704,0.622795,-0.726655,0.575412
649,-2.656814,0.38254,-4.5941,0.705408537,-2.372929,0.632824,-2.266545,0.960039,-1.885654,0.700867
650,-2.424191,0.312878,-2.6526,0.531193,-2.272526,0.568418,-4.5941,0.712537156,-1.650616,0.619299
651,1.3374,0.312653106,1.3374,0.312653106,0.762079,0.465953,1.3374,0.312653106,1.3374,0.312653106
652,-2.554749,0.331555,-2.657279,0.502418,-2.155394,0.509358,-2.698547,1.180977,-4.5941,0.729830688
653,-4.5941,0.697043633,-4.5941,0.697043633,-4.5941,0.697043633,-2.997063,1.142796,-4.5941,0.697043633
654,-0.636116,0.259084,-0.425615,0.448869,-0.706542,0.491621,-0.452844,0.639764,-1.018868,0.588563
655,-0.419732,0.247895,-0.69993,0.400983,-0.25005,0.501665,-0.523102,0.685053,-0.078183,0.514239
656,0.806696,0.279423,0.985825,0.521328,1.3374,0.316694547,0.172094,0.623458,0.421847,0.486943
657,-2.379451,0.336668,-2.353643,0.514352,-2.909336,0.660714,-2.054058,0.926403,-1.318639,0.828792
658,0.52065,0.289566,0.789951,0.532252,0.243111,0.509134,0.485551,0.676837,0.515212,0.678732
659,-1.874885,0.26941,-2.138998,0.405906,-1.873229,0.543545,-1.365395,0.640979,-1.539999,0.678977
660,0.392503,0.270101,0.671646,0.55517,0.849913,0.54312,0.362719,0.711342,-0.291612,0.470883
661,0.546277,0.281938,0.370691,0.487831,0.551592,0.535399,0.719177,0.776624,0.664301,0.551243
662,-0.369025,0.25208,-0.723486,0.451335,-0.11896,0.493577,-0.361952,0.641679,-0.208112,0.473968
663,0.125562,0.253517,0.907619,0.541497,-0.519185,0.399481,0.588279,0.744218,-0.000749,0.555623
664,-0.355228,0.238899,-0.009349,0.480643,-0.528033,0.435609,-1.640675,0.694692,0.102094,0.460278
665,-0.546258,0.231416,-0.589224,0.368946,-0.992602,0.401464,0.315972,0.731303,-0.108189,0.52802
666,-1.626093,0.281552,-2.758094,0.667483,-1.152853,0.433927,-0.143935,0.699916,-2.340357,0.861931
667,-0.835816,0.252651,-0.500244,0.404802,-1.551891,0.555969,-0.244449,0.686867,-1.256688,0.730333
668,-1.467771,0.256989,-1.771957,0.411362,-1.61253,0.483597,-0.588958,0.647004,-1.157893,0.730579
669,0.397566,0.262047,0.708344,0.529916,0.592411,0.522049,-0.05815,0.579229,0.221915,0.508242
670,-2.442027,0.295836,-4.5941,0.729379578,-1.930257,0.442018,-1.757881,0.824996,-2.618565,0.796281
671,-1.369791,0.270349,-1.791505,0.533543,-0.927994,0.472223,-0.823552,0.628452,-2.155048,0.773152
672,-1.477565,0.255307,-1.652148,0.378789,-1.319707,0.463326,-0.585952,0.769699,-1.88919,0.794191
673,-0.168975,0.240031,0.070946,0.395336,-0.731584,0.492971,0.353542,0.706314,-0.288263,0.522138
674,-1.885032,0.271197,-1.477244,0.372975,-2.819605,0.673919,-2.477227,1.020174,-1.611592,0.568127
675,-1.254552,0.262203,-1.396085,0.373766,-1.208512,0.512519,0.137269,0.790261,-2.167962,0.806169
676,0.234705,0.259958,0.452483,0.437738,0.035679,0.495482,-0.664046,0.736041,0.596075,0.589182
677,-3.253538,0.447853,-3.013166,0.710918,-3.765051,0.888755,-2.856349,0.980286,-3.125531,1.193564
678,-1.765269,0.295839,-1.73533,0.430334,-2.220127,0.604796,-2.231722,1.071069,-1.027772,0.561306
679,-1.008297,0.232136,-1.089043,0.340224,-0.898418,0.409308,-1.330193,0.702486,-0.709217,0.635659
680,-1.91172,0.294584,-1.330695,0.444043,-2.106031,0.490335,-2.072297,0.93069,-4.5941,0.751306438
681,-2.128426,0.324943,-2.546728,0.572301,-2.641992,0.778752,-1.572361,0.820443,-1.071115,0.665928
682,1.243417,0.304559,0.285841,0.581949,1.3374,0.302024268,1.3374,0.302024268,1.3374,0.302024268
683,-1.592408,0.272723,-1.603863,0.439486,-1.700047,0.495009,-0.776274,0.700937,-1.971809,0.696948
684,-0.353186,0.238406,-0.453823,0.40224,-0.423344,0.417172,0.174358,0.621742,-0.5072,0.575814
685,-0.571364,0.25176,-1.118016,0.362121,0.299766,0.595717,-0.775586,0.73347,0.035989,0.574873
686,-3.904515,0.678943,-3.717866,1.109165,-4.5941,0.715168646,-3.587659,1.295747,-3.114491,1.128903
687,-0.831422,0.237897,-0.662878,0.440824,-0.793868,0.411907,-1.365668,0.727804,-0.811587,0.498761
688,-1.966597,0.280674,-1.991746,0.430205,-1.599002,0.455772,-2.862056,1.126341,-2.292875,0.877252
689,-1.676438,0.288194,-1.006872,0.508606,-1.461055,0.48341,-2.005619,0.744852,-4.5941,0.727024271
690,-1.611901,0.288602,-1.265928,0.447914,-1.935718,0.532992,-1.446007,1.045275,-1.840476,0.623049
691,-1.469567,0.268447,-1.920312,0.461155,-1.192098,0.491228,-1.278786,0.724949,-1.125689,0.6266
692,-1.033452,0.25589,-1.229598,0.434895,-2.009675,0.705617,-0.641673,0.663775,-0.26759,0.473942
693,-1.386592,0.237013,-1.611517,0.372338,-1.12646,0.400784,-1.477261,0.735026,-1.258608,0.650501
694,-1.954128,0.266088,-2.535213,0.50208,-1.228804,0.464693,-2.562985,0.949923,-1.651749,0.613869
695,-1.481028,0.266286,-0.544343,0.43285,-2.391596,0.535731,-1.643589,0.666676,-1.655355,0.669553
696,-2.076033,0.315631,-2.154802,0.581632,-1.952026,0.539397,-2.646979,0.957685,-1.824659,0.623133
697,-1.426597,0.268958,-0.972216,0.457719,-1.664328,0.435139,-1.563699,0.673543,-1.596642,0.731094
698,-3.948067,0.759678,-4.5941,0.753220406,-4.5941,0.753220406,-3.088251,1.297196,-2.341313,1.015866
699,-0.776437,0.246089,-0.520837,0.39972,-0.763033,0.460103,-0.063139,0.869171,-1.743624,0.685407
700,0.434481,0.258818,0.682384,0.462271,0.590495,0.487505,-0.557282,0.604757,0.703942,0.61574
701,-1.352799,0.270839,-1.29641,0.389436,-0.789396,0.509298,-1.805473,0.925008,-2.500005,0.998313
702,-0.001934,0.237401,0.240972,0.420443,-0.170597,0.489284,0.51883,0.698711,-0.402212,0.474984
703,-0.813112,0.254252,-0.703785,0.392354,-0.855166,0.442731,-1.253118,0.826273,-0.705751,0.679223
704,-0.210667,0.227602,0.166755,0.402821,-0.511864,0.380239,-0.450657,0.819064,-0.208699,0.478127
705,-0.688522,0.244136,-0.674231,0.377173,-0.385421,0.492357,-0.686899,0.636746,-1.287652,0.721698
706,-1.092451,0.245357,-0.747247,0.379713,-1.551552,0.473733,-1.436175,0.713418,-0.928359,0.510521
707,-0.752009,0.239698,-0.748957,0.394735,-0.248115,0.455734,-0.677081,0.575644,-1.998112,1.049183
708,-3.199393,0.429769,-3.778975,1.065922,-3.228269,0.635179,-1.589569,0.843667,-4.5941,0.707143299
709,-0.566019,0.268858,-0.384486,0.454892,-0.390658,0.553459,-1.234795,0.693098,-0.517604,0.568405
710,-0.751854,0.238521,-0.93452,0.360555,-0.735915,0.449402,-0.233081,0.768992,-0.637342,0.530507
711,-1.474633,0.228627,-1.282286,0.347713,-1.087262,0.427437,-1.806454,0.648369,-2.59507,0.813752
712,-3.943276,0.692624,-3.18097,0.968702,-4.5941,0.723733875,-4.5941,0.723733875,-2.565902,1.098328
713,-1.619751,0.262073,-1.730304,0.430038,-0.96379,0.434203,-4.5941,0.709218709,-1.921158,0.648685
714,-3.815677,0.654884,-3.979977,1.060225,-3.292364,0.804351,-4.5941,0.728794944,-4.5941,0.728794944
715,-2.211846,0.304656,-2.133187,0.487644,-2.378957,0.568578,-4.5941,0.694404354,-1.566278,0.590871
716,-3.377906,0.52306,-3.852328,1.134296,-4.5941,0.747865252,-2.188557,1.004362,-2.111224,0.795708
717,0.950202,0.328452,0.512938,0.495861,1.3374,0.350108822,1.3374,0.350108822,0.592986,0.650213
718,-2.691401,0.352522,-2.793259,0.678189,-2.371898,0.495779,-2.631544,1.011121,-4.5941,0.718323256
719,-0.699699,0.232468,-0.326576,0.403838,-0.546314,0.449186,-1.593481,0.77171,-1.11745,0.566036
720,-2.281469,0.312045,-2.644328,0.591643,-2.406648,0.607252,-1.739767,0.695287,-1.944589,0.703977
721,-4.5941,0.660102182,-4.5941,0.660102182,-4.5941,0.660102182,-4.5941,0.660102182,-4.5941,0.660102182
722,-3.022783,0.412541,-2.379679,0.48236,-4.5941,0.735284887,-4.5941,0.735284887,-2.314706,0.898047
723,-1.253908,0.238818,-1.427224,0.388281,-1.117211,0.431673,-0.514031,0.698759,-1.534403,0.586577
724,-1.301498,0.260786,-0.765306,0.391838,-1.263472,0.439253,-4.5941,0.787102378,-1.629938,0.670819
725,-1.668785,0.268169,-1.936215,0.477113,-1.463488,0.472297,-1.609493,0.779057,-1.594972,0.529854
726,-2.339719,0.331023,-2.670733,0.624236,-1.968253,0.513619,-2.265901,0.8123,-2.76652,1.112812
727,-1.962174,0.290063,-2.490023,0.546524,-1.614168,0.435569,-0.688327,0.803741,-2.963446,1.211444
728,-2.388707,0.360441,-4.5941,0.740964499,-1.822191,0.507597,-0.261884,0.881378,-4.5941,0.740964499
729,-1.980997,0.290693,-2.241591,0.453081,-3.274267,0.926336,0.055078,0.665605,-1.55366,0.660167
730,-2.357776,0.303331,-2.380135,0.426667,-2.509819,0.615393,-2.328138,0.949817,-1.972705,0.816575
731,-0.702988,0.258781,-0.783345,0.480271,-0.282288,0.442197,-0.985081,0.680127,-1.116677,0.61529
732,-0.384753,0.26476,-0.077954,0.440113,-0.617032,0.511745,0.340061,0.776528,-1.078571,0.652265
733,-1.649413,0.25437,-1.710159,0.364903,-1.581666,0.582408,-0.920667,0.682611,-2.118924,0.689381
734,-0.791434,0.255129,-0.619834,0.486698,-1.022634,0.408722,-0.923872,0.712021,-0.490204,0.581145
735,-2.578885,0.342249,-3.567778,0.986311,-2.448048,0.566051,-2.466804,1.019417,-1.552391,0.739761
736,-0.703895,0.26876,-0.223902,0.483077,-0.113508,0.482873,-1.351599,0.709921,-2.44847,0.958738
737,-1.870113,0.288106,-1.484862,0.460437,-2.151222,0.497975,-2.199075,0.881242,-1.928229,0.727527
738,-1.285552,0.280511,-1.592851,0.517552,-1.477651,0.491326,-0.614402,0.636643,-1.027229,0.665928
739,-0.516394,0.252929,-0.889216,0.411336,-0.311657,0.467015,0.437876,0.654681,-0.909828,0.570656
740,-2.057113,0.307754,-2.08268,0.474492,-1.902086,0.541827,-4.5941,0.732943158,-1.594041,0.647058
741,-0.933435,0.235216,-1.150649,0.351535,-1.061933,0.430118,-0.322943,0.618798,-0.582053,0.591355
742,-1.608836,0.277347,-1.042621,0.411266,-1.647062,0.497953,-2.810089,1.024521,-2.078063,0.728135
743,-1.609759,0.240957,-1.656328,0.335689,-2.007426,0.559756,0.247705,0.713747,-2.552534,0.865269
744,-0.90158,0.241989,-1.393273,0.426325,-0.164468,0.448454,-0.56799,0.599685,-1.539122,0.690403
745,-1.002976,0.259623,-1.198556,0.38709,-1.075813,0.447642,-0.533839,0.845054,-0.43771,0.728422
746,0.255814,0.274575,0.038162,0.461145,0.413734,0.463574,0.569807,0.715627,0.085948,0.672531
747,-2.386435,0.318651,-2.612723,0.531384,-2.334771,0.540864,-1.823627,0.837384,-2.360639,0.923355
748,-1.840948,0.273656,-2.23,0.482939,-1.380534,0.442679,-1.42695,0.766281,-2.189274,0.676949
749,-1.517486,0.247583,-1.711421,0.381078,-0.875448,0.386327,-2.83783,1.170173,-2.657442,1.267247
750,-0.679174,0.240102,-0.479126,0.376225,-0.49441,0.431887,-1.106341,0.95573,-1.322567,0.630888
751,-0.464818,0.252888,0.030482,0.414036,-0.454777,0.464612,-1.476876,0.846732,-0.968262,0.673949
752,-0.452396,0.245473,-0.300576,0.420937,-0.230923,0.430955,-0.482873,0.880038,-1.04853,0.562056
753,0.353014,0.260506,-0.20355,0.453635,0.710627,0.517175,0.7231,0.801489,0.456424,0.485918
754,-2.518886,0.308877,-2.884627,0.674132,-2.050137,0.445067,-2.296432,0.689896,-4.5941,0.718089677
755,-1.51668,0.262792,-1.041555,0.370249,-2.06051,0.549511,-2.448638,1.175528,-1.856944,0.750011
756,-1.830023,0.273207,-1.501414,0.395655,-2.582418,0.602305,-0.71074,0.673671,-2.855999,1.034006
757,-0.869201,0.242199,-1.260354,0.393,-0.742385,0.486671,-0.994261,0.659664,-0.216678,0.530391
758,0.057278,0.266216,0.399108,0.473631,1.3374,0.352461516,0.063857,0.900662,-1.573924,0.680221
759,-1.096892,0.244855,-1.123051,0.424734,-1.064581,0.408656,-2.283223,1.076435,-0.663105,0.483812
760,-0.18439,0.24031,0.358943,0.464758,0.063269,0.406955,-0.550903,0.76228,-4.5941,0.849119978
761,-3.537825,0.531073,-3.19922,0.845213,-4.5941,0.695551001,-3.051277,1.157866,-2.695393,0.936961
762,-1.911616,0.263993,-2.163268,0.440586,-2.020468,0.446784,-2.66621,1.127829,-0.793447,0.530613
763,-1.348946,0.255078,-1.400054,0.381835,-1.227322,0.483011,-2.708409,1.39375,-1.049304,0.529108
764,-2.659495,0.352179,-2.54415,0.494303,-2.977629,0.747841,-2.766014,0.938862,-2.395474,0.871859
765,-0.227913,0.276398,-0.610162,0.417697,0.012114,0.5111,0.173306,0.817575,0.079433,0.700831
766,-3.601578,0.636407,-4.5941,0.755555267,-2.494903,0.644638,-4.5941,0.755555267,-4.5941,0.755555267
767,-0.304703,0.248942,-0.491065,0.465604,-0.352939,0.487772,-0.757962,0.596201,0.217667,0.503644
768,-2.14658,0.301994,-2.103852,0.383944,-2.319386,0.710211,-4.5941,0.792717259,-1.044746,0.662781
769,-1.722948,0.276554,-1.543785,0.468182,-2.861929,0.695418,-1.580987,0.64527,-0.96296,0.511037
770,-1.552074,0.249742,-1.481581,0.335419,-1.702947,0.516319,-1.50582,0.725374,-1.636188,0.820307
771,-1.233824,0.234983,-1.414052,0.324022,-1.304328,0.471858,-1.41959,0.777817,-0.177219,0.686043
772,-2.336835,0.319869,-2.205936,0.444624,-2.436655,0.634845,-3.380674,1.407251,-2.047444,0.765675
773,0.042509,0.271189,-0.519151,0.458733,0.247569,0.487285,0.401678,0.745357,0.231345,0.506895
774,1.3374,0.321206418,1.3374,0.321206418,0.656538,0.519806,1.3374,0.321206418,1.3374,0.321206418
775,1.3374,0.313190108,1.163936,0.591307,1.243349,0.643597,1.3374,0.313190108,1.3374,0.313190108
776,-0.356553,0.260196,0.092863,0.47246,-0.682267,0.474219,-0.963965,0.650987,-0.052055,0.586699
777,-0.707312,0.24113,-0.778721,0.406929,-0.522417,0.398634,-0.272053,0.67748,-1.347882,0.629487
778,-1.774518,0.271833,-2.00179,0.420499,-0.753821,0.478733,-2.287775,0.937005,-4.5941,0.733880086
779,-3.461196,0.562357,-3.485959,0.944363,-3.188828,0.87898,-4.5941,0.726487644,-3.206348,1.167163
780,-2.39881,0.328217,-2.757714,0.698788,-2.540964,0.568569,-0.828913,0.67154,-4.5941,0.717424829
781,-2.249709,0.28022,-2.482007,0.477609,-2.265435,0.481447,-1.739231,0.724823,-1.992236,0.7509
782,-1.125277,0.246514,-0.660516,0.412622,-2.168898,0.625429,-0.104194,0.740084,-1.471775,0.694647
783,-2.493293,0.329169,-2.960653,0.652355,-2.470575,0.594638,-2.278837,1.012042,-1.859423,0.651816
784,-1.701464,0.281916,-2.668302,0.69335,-1.176355,0.459719,-1.43923,0.830503,-1.269126,0.600224
785,-1.014614,0.24088,-0.681125,0.360756,-1.235718,0.493924,-0.775648,0.778396,-1.708783,0.676
786,-4.271519,0.847665,-4.5941,0.72933942,-3.163095,0.795549,-4.5941,0.72933942,-4.5941,0.72933942
787,1.3374,0.311552749,1.3374,0.311552749,0.962996,0.548438,1.3374,0.311552749,1.3374,0.311552749
788,0.069768,0.250699,-0.012953,0.430096,-0.051631,0.447682,0.256155,0.653172,0.235619,0.536541
789,-1.663453,0.254375,-1.145876,0.350267,-1.613981,0.476848,-2.773592,0.953786,-4.5941,0.756970727
790,-0.96669,0.2424,-1.100796,0.420675,-1.097743,0.448785,-1.729076,0.734574,-0.259044,0.490471
791,-0.363512,0.227148,-0.581713,0.348334,-0.507815,0.400083,0.100036,0.653315,0.106113,0.568251
792,-0.704784,0.248907,-0.845528,0.433603,-0.738646,0.4761,0.053829,0.542683,-1.449813,0.814469
793,-2.024067,0.313514,-1.376188,0.405567,-3.414551,0.980385,-1.521317,0.813097,-4.5941,0.747101384
794,-1.16556,0.275038,-0.97465,0.473834,-1.21689,0.497953,-1.346981,0.640849,-1.245475,0.687763
795,-0.536856,0.225852,-0.437767,0.358129,-0.978321,0.442195,-0.197548,0.576923,-0.337957,0.555033
796,-0.889657,0.259516,-1.126852,0.474918,-0.488494,0.471362,-1.203537,0.66422,-0.90341,0.542341
797,-1.077744,0.25516,-1.427622,0.358042,-0.769745,0.510791,-1.070821,0.780649,-0.383365,0.685704
798,-2.593497,0.372927,-2.614029,0.552848,-2.599326,0.650345,-1.278649,1.033611,-4.5941,0.747540249
799,-2.330306,0.315733,-2.515739,0.587783,-2.168226,0.493578,-2.179963,0.970599,-2.453896,0.774208
800,-3.231436,0.549615,-4.5941,0.76143611,-3.216975,0.804119,-1.758657,0.901695,-4.5941,0.76143611
801,0.936846,0.317888,1.3374,0.336199598,1.170776,0.602199,0.979064,0.79588,-0.011751,0.534077
802,-0.912176,0.269897,-1.46548,0.372669,-0.264415,0.455169,-1.13542,0.845672,-0.426762,0.698174
803,0.350298,0.263253,1.3374,0.340417125,0.257484,0.437144,-0.879361,0.787509,0.395935,0.503135
804,-0.647702,0.243094,-0.867316,0.411612,-0.582812,0.404643,-0.24535,0.708989,-0.62554,0.543618
805,-0.893218,0.259056,-1.324005,0.437351,-0.215541,0.479469,-0.542008,0.597997,-2.041734,1.036125
806,-0.924822,0.234305,-0.960991,0.380826,-0.910101,0.40284,-0.457747,0.69453,-1.138148,0.56232
807,-1.907559,0.274029,-1.300059,0.39675,-2.309874,0.579865,-2.553749,0.873776,-3.281353,1.327699
808,0.048235,0.260085,0.591241,0.513347,-0.318828,0.420554,0.39012,0.814956,-0.166745,0.512789
809,-3.629507,0.58524,-3.291666,0.813369,-4.132479,1.176397,-4.5941,0.702613975,-2.94274,1.09528
810,-4.455902,0.942233,-4.016449,1.396234,-4.5941,0.732145168,-3.596741,1.326216,-4.5941,0.732145168
811,-4.5941,0.714407203,-4.5941,0.714407203,-4.5941,0.714407203,-4.5941,0.714407203,-4.5941,0.714407203
812,-2.261042,0.286574,-2.329291,0.42913,-2.185461,0.521237,-2.650785,1.135296,-2.033461,0.690837
813,-1.076248,0.249938,-1.097119,0.417134,-1.569127,0.46928,-0.159597,0.650157,-0.986149,0.543702
814,0.273647,0.256813,0.00936,0.449905,0.229031,0.490879,0.709945,0.714394,0.400502,0.519077
815,-2.018426,0.291696,-1.959125,0.437024,-2.935294,0.628177,-1.481499,0.742025,-0.8423,0.697498
816,-3.38722,0.510132,-3.034905,0.708738,-3.689533,0.965897,-2.625995,1.075071,-4.5941,0.708525351
817,-0.122467,0.253736,0.166242,0.447479,-1.019982,0.528175,0.350331,0.584035,0.106581,0.654075
818,-0.898892,0.265665,-0.368453,0.42141,-1.287318,0.532686,-1.133861,0.661703,-1.28683,0.718262
819,-0.767973,0.26689,-0.916959,0.481709,-0.241155,0.448862,-1.257607,0.872997,-1.197863,0.598808
820,-1.998994,0.2848,-1.613846,0.422327,-2.79011,0.723138,-2.09831,0.698593,-1.886117,0.712647
821,-0.644394,0.247045,-0.433106,0.407229,-1.018835,0.460621,0.310278,0.729432,-0.993354,0.540976
822,-2.389951,0.336986,-2.572156,0.58088,-1.943538,0.509123,-2.899981,1.173715,-2.788252,1.048887
823,-1.334777,0.266062,-0.988553,0.48386,-1.794256,0.473128,-1.076299,0.685144,-1.235311,0.578665
824,-2.02281,0.290956,-1.626165,0.436324,-2.091364,0.561064,-2.131188,0.638417,-4.5941,0.766531696
825,-0.493674,0.259735,-0.984109,0.490379,-0.180467,0.464406,0.338269,0.715088,-0.892234,0.587801
826,-2.025382,0.306028,-2.08924,0.456168,-2.113931,0.529975,-1.530219,0.782683,-2.123254,1.1422
827,-1.288161,0.259449,-1.307636,0.406616,-2.15734,0.516286,-0.233078,0.641623,-0.666261,0.555113
828,-1.752819,0.312104,-1.660919,0.451978,-1.937347,0.590439,-4.5941,0.748082644,-0.774385,0.580607
829,-1.159547,0.237628,-0.99538,0.397979,-1.521715,0.440411,-0.211998,0.673682,-1.601514,0.653657
830,-0.402803,0.25169,-0.240813,0.385358,-0.18359,0.50557,-0.661512,0.582941,-1.115359,0.762989
831,-1.906013,0.290458,-2.077533,0.448867,-1.783578,0.507129,-2.326296,1.016142,-1.346655,0.704848
832,-0.477592,0.263464,-0.899174,0.425328,-0.32578,0.510978,-0.877596,0.718582,0.413596,0.631743
833,-1.801412,0.273688,-1.900914,0.427901,-1.281355,0.46206,-1.959069,0.807433,-2.456544,0.762596
834,-1.495498,0.253421,-1.628991,0.429654,-1.391913,0.481652,-1.415989,0.707398,-1.449136,0.527447
835,-1.590141,0.249422,-2.200803,0.43701,-0.358662,0.495872,-2.923778,1.176546,-1.675846,0.635725
836,-0.90364,0.229476,-1.410632,0.37591,-0.700406,0.440477,-0.241666,0.645803,-0.686562,0.461868
837,-0.309371,0.241888,0.176321,0.439263,-0.785641,0.40641,0.143516,0.614346,-0.721789,0.605088
838,-2.243432,0.297023,-2.134997,0.426439,-2.053341,0.495112,-3.410918,1.579824,-2.651002,1.001664
839,-3.037116,0.388922,-2.722154,0.567188,-3.16915,0.609973,-3.021786,1.237822,-4.059397,1.891094
840,-3.1818,0.423308,-3.014343,0.662707,-3.210309,0.702939,-4.5941,0.726314396,-2.488468,0.923136
841,-2.849926,0.37201,-2.764066,0.593071,-3.088005,0.6845,-3.310836,1.115648,-2.144597,0.840915
842,-0.1796,0.244419,-0.085146,0.387319,-0.588115,0.418973,0.328778,0.797628,0.094532,0.569668
843,1.3374,0.317401106,1.3374,0.317401106,1.3374,0.317401106,0.488314,0.766449,0.973826,0.697349
844,-1.288412,0.243769,-0.805616,0.383689,-1.378265,0.441914,-2.640069,0.842615,-1.184682,0.711912
845,-0.91416,0.250047,-1.071351,0.446879,-0.788788,0.431578,-1.033158,0.676838,-0.79091,0.549388
846,-0.755008,0.254693,-1.153103,0.473318,-0.854456,0.412045,0.085297,0.695849,-0.468357,0.591482
847,-3.4391,0.53477,-2.854464,0.620331,-3.507046,0.936568,-4.5941,0.724056692,-4.5941,0.724056692
848,-1.352538,0.266828,-1.346705,0.482981,-1.352409,0.454686,-1.541523,0.789841,-1.258416,0.556201
849,-2.490106,0.329821,-2.77216,0.56642,-2.563436,0.645812,-2.482605,0.855649,-1.757875,0.676687
850,-1.501068,0.273492,-1.465234,0.452551,-1.156596,0.451611,-2.685755,1.063253,-1.492882,0.582164
851,-2.305111,0.336481,-2.127743,0.549797,-2.571862,0.646832,-3.354009,1.216075,-1.592457,0.627728
852,-0.119604,0.263541,-0.497673,0.383008,0.352653,0.513811,-0.085294,0.767191,0.019,0.673327
853,-1.910222,0.283087,-1.725165,0.39411,-1.972185,0.526287,-1.792711,0.845962,-4.5941,0.742914692
854,-1.194218,0.259917,-0.987257,0.478757,-1.166744,0.42794,-1.957663,0.822814,-1.063203,0.602214
855,-1.601183,0.271467,-1.612837,0.446722,-1.309615,0.448205,-2.182516,1.161781,-1.942526,0.663605
856,-2.718146,0.343564,-3.246741,0.777875,-2.605396,0.497724,-4.5941,0.698415742,-1.491557,0.737476
857,-0.879651,0.247238,-0.743344,0.410168,-0.844163,0.41185,-1.428552,0.846905,-0.936314,0.643369
858,1.3374,0.325999423,1.3374,0.325999423,0.823082,0.595696,1.125766,0.933933,1.3374,0.325999423
859,-2.091414,0.294107,-1.785368,0.417323,-2.224039,0.566289,-2.506923,0.822979,-2.730549,1.296833
860,-0.90673,0.245564,-1.456909,0.434482,0.364235,0.487574,-0.805325,0.809541,-2.011884,0.753627
861,0.063603,0.266814,-0.170916,0.434629,-0.090536,0.477691,1.032045,0.764883,0.07723,0.547215
862,-2.842147,0.400273,-2.694737,0.649894,-2.808923,0.58125,-2.167822,1.122479,-4.5941,0.72437405
863,-0.032278,0.272694,0.264846,0.499913,0.388639,0.497912,-0.383467,0.646443,-1.123708,0.723191
864,-2.29742,0.341897,-2.124394,0.51814,-1.990577,0.503344,-3.166966,1.297102,-4.5941,0.749717153
865,-0.808072,0.233148,-0.666163,0.35895,-1.739691,0.476841,0.063195,0.731759,-0.247968,0.523596
866,-1.286511,0.231057,-1.319958,0.352736,-1.558503,0.481908,-1.135615,0.628903,-0.937222,0.546596
867,-0.361565,0.243096,-0.7077,0.415518,-0.217815,0.432439,0.799518,0.745255,-0.919326,0.653778
868,-1.207397,0.272665,-1.313931,0.367284,-1.6754,0.626816,0.371669,0.876764,-1.117778,0.762704
869,-3.049241,0.472119,-3.474557,1.092662,-3.225399,0.808783,-4.5941,0.749945023,-1.220382,0.881982
870,-1.131015,0.247708,-0.957909,0.375637,-1.553324,0.497013,-1.293608,0.926042,-0.900649,0.518454
871,-0.061614,0.249437,-0.435248,0.44408,0.118109,0.442297,0.00119,0.828617,0.095476,0.453648
872,-1.175479,0.244962,-1.403772,0.390664,-1.841935,0.545939,0.565116,0.821687,-1.240262,0.559612
873,-1.939674,0.335206,-2.072889,0.605815,-1.535134,0.540218,-1.968337,0.85713,-2.516627,0.935694
874,-1.373547,0.242021,-1.163484,0.35094,-0.851326,0.47262,-1.831838,1.008818,-4.5941,0.73364917
875,-2.831544,0.382915,-4.5941,0.744125598,-2.152931,0.524372,-2.68356,1.065275,-2.635381,0.913874
876,-0.890538,0.23485,-1.554616,0.352987,-1.01175,0.415991,1.3374,0.343511987,-0.671441,0.585885
877,-0.596574,0.237707,-0.708856,0.398701,-0.454032,0.434107,-0.364463,0.61419,-0.779514,0.534145
878,-0.517178,0.244099,-0.139438,0.388569,-0.951649,0.492576,-0.751481,0.616123,-0.648754,0.599901
879,-3.924283,0.677,-4.5941,0.71463757,-3.040616,0.697447,-4.5941,0.71463757,-4.5941,0.71463757
880,-1.643337,0.284061,-1.739202,0.490782,-1.956833,0.52878,-1.37555,0.807456,-1.190637,0.582894
881,-0.877479,0.272908,-0.646855,0.42471,-1.020631,0.485827,-1.536118,0.871797,-0.754042,0.61361
882,0.207614,0.252043,0.682107,0.49339,0.032151,0.4621,-0.814597,0.795972,0.368777,0.505699
883,-1.004515,0.249956,-1.112708,0.429174,-0.641201,0.483254,-2.777499,1.254169,-0.757172,0.455166
884,0.705957,0.281545,0.880344,0.514321,-0.022586,0.455213,1.3374,0.316735592,0.781456,0.602424
885,-2.16592,0.285724,-2.015547,0.404706,-2.017347,0.469062,-4.5941,0.762242629,-2.410131,0.850335
886,-1.123536,0.243756,-0.901408,0.363486,-1.519749,0.450979,-1.32278,0.866939,-0.885015,0.606973
887,-2.816048,0.389763,-3.125871,0.755495,-2.859112,0.750141,-1.780656,0.655985,-4.5941,0.770901779
888,-1.498199,0.286484,-1.728978,0.487049,-1.392776,0.510292,-1.518986,0.827228,-1.176187,0.698252
889,-1.319056,0.26503,-0.511781,0.444364,-1.845199,0.50483,-2.231688,0.997804,-1.635152,0.819698
890,-1.850434,0.264633,-2.557117,0.506569,-1.212567,0.443436,-2.840836,1.188316,-1.001096,0.680229
891,-1.420653,0.269153,-1.764227,0.459258,-1.22847,0.484592,-0.315396,0.694084,-2.418094,1.225351
892,-0.108115,0.248934,0.371185,0.444013,-0.443549,0.475786,-0.727285,0.802965,-0.125143,0.47331
893,0.683556,0.294351,0.138588,0.511262,1.3374,0.326233569,0.044847,0.887457,0.678146,0.531216
894,-0.588766,0.255984,-0.682419,0.405736,-0.406273,0.472989,-0.817214,0.729321,-0.53081,0.580259
895,-1.894545,0.272594,-1.32257,0.383632,-2.966134,0.61815,-1.665614,0.734676,-1.91895,0.734764
896,-0.942395,0.243823,-0.382803,0.438387,-1.059439,0.463798,-1.850432,0.826796,-1.331972,0.627483
897,-0.536482,0.239906,-0.832331,0.423466,-0.506453,0.431686,-0.553234,0.55715,-0.18487,0.465253
898,-0.850093,0.246669,-1.298376,0.381081,-0.28994,0.49138,0.129366,0.746015,-1.267105,0.632843
899,-1.854967,0.309303,-1.347131,0.42322,-2.454254,0.664814,-1.881948,0.966894,-2.593765,1.047277
900,0.062316,0.2424,0.21961,0.4093,0.667831,0.555965,0.212476,0.740615,-0.670744,0.469732
901,-0.665362,0.242079,-0.733729,0.374421,-0.581039,0.415717,-0.626216,0.723635,-0.698831,0.65802
902,0.681207,0.274465,-0.165916,0.420641,1.3374,0.308498415,0.709433,0.747274,1.163929,0.542344
903,-0.895661,0.22598,-0.781743,0.359327,-0.818525,0.436039,-1.299095,0.706016,-1.008109,0.507812
904,-3.624961,0.549153,-3.598445,1.004275,-2.994821,0.634317,-4.5941,0.690724456,-4.5941,0.690724456
905,0.201369,0.236112,-0.252338,0.364566,0.777644,0.518674,-0.121588,0.622769,0.501858,0.423126
906,-1.344207,0.280169,-1.266475,0.443563,-1.584812,0.524412,-0.796564,0.732282,-1.525865,0.691566
907,-4.5941,0.695107748,-4.5941,0.695107748,-4.5941,0.695107748,-4.5941,0.695107748,-4.5941,0.695107748
908,-1.43645,0.238736,-1.484477,0.346022,-1.026526,0.425442,-1.480473,0.768926,-2.393732,1.025544
909,-1.076973,0.259192,-0.959596,0.40557,-1.288146,0.455293,-0.146415,0.752244,-1.773369,0.880556
910,0.006321,0.276063,0.149006,0.511466,-0.234164,0.538103,0.020765,0.742034,0.063473,0.5131
911,-2.318302,0.289762,-2.095513,0.41735,-2.921028,0.675258,-1.735705,0.623633,-2.741025,0.83012
912,-1.272759,0.278101,-0.540362,0.499494,-1.878922,0.513858,-3.565595,1.897871,-1.087657,0.552485
913,-0.648488,0.227179,-0.954087,0.361875,-0.770755,0.399212,-0.554013,0.61704,0.182368,0.565545
914,-2.05979,0.275869,-2.503637,0.479737,-1.460165,0.48998,-3.651332,1.643411,-1.386992,0.633307
915,-1.784109,0.27569,-1.801071,0.411469,-2.338364,0.55898,-1.442374,0.860196,-1.050328,0.602369
916,-2.653887,0.364988,-2.829657,0.618819,-2.319905,0.575238,-2.107237,0.912919,-4.5941,0.733072536
917,-0.871348,0.235397,-0.799115,0.383465,-0.855541,0.444749,-1.41532,0.651127,-0.674408,0.500223
918,-0.177422,0.251559,-0.162653,0.430117,-0.246183,0.470128,0.221696,0.739898,-0.3177,0.515179
919,1.200209,0.313633,0.374043,0.5235,1.3374,0.31215614,0.651658,0.693808,1.3374,0.31215614
920,-1.381111,0.284341,-2.210311,0.573448,-1.74633,0.585217,-0.963065,0.648538,-0.28334,0.526011
921,0.122826,0.25284,0.636927,0.489512,-0.479212,0.44437,1.279103,1.05086,-0.13504,0.468623
922,-0.302843,0.250525,-0.342009,0.416182,-0.04891,0.497966,-0.777833,0.712285,-0.268673,0.496772
923,-1.787237,0.262028,-1.714418,0.351679,-1.981153,0.502682,-1.189109,0.851675,-2.181638,0.988902
924,-3.460543,0.539237,-2.590127,0.555774,-4.5941,0.712577496,-4.5941,0.712577496,-3.494847,1.449431
925,-1.467417,0.258879,-1.394069,0.414828,-1.664341,0.465107,-1.74795,0.81896,-1.094953,0.601866
926,-2.090925,0.293127,-2.582623,0.530811,-2.256825,0.587701,-0.934336,0.757108,-1.503865,0.817679
927,-0.328302,0.259783,-0.877197,0.402257,-0.074444,0.44733,-0.508329,0.676653,0.587692,0.722925
928,0.099156,0.252556,0.237462,0.471539,-0.607507,0.464521,0.446053,0.775949,0.460317,0.452254
929,-3.443446,0.508447,-4.5941,0.722080304,-2.744068,0.607555,-4.5941,0.722080304,-3.330911,1.205471
930,-2.804038,0.382667,-2.409999,0.460953,-3.556178,1.206896,-2.486372,1.077007,-4.5941,0.718032845
931,-0.413279,0.246406,-0.68528,0.413311,-0.652011,0.497425,-0.044758,0.5881,-0.040052,0.501043
932,-0.977027,0.24955,-1.897954,0.499448,-0.287074,0.479165,-1.266793,0.892507,-0.592844,0.43155
933,-2.167533,0.292748,-3.307384,1.031804,-1.345419,0.461755,-2.325228,0.765718,-2.839081,1.090396
934,-1.826104,0.279581,-1.695503,0.419987,-1.814918,0.488913,-1.63618,0.764982,-2.48306,0.880247
935,0.171033,0.257722,0.192744,0.478199,0.861105,0.477326,-1.430198,1.083741,-0.35666,0.655303
936,-2.609308,0.35954,-2.764238,0.605086,-2.572418,0.624062,-2.011428,0.908232,-2.887044,1.078287
937,-2.082824,0.312238,-3.085388,0.780323,-1.44016,0.526794,-3.086374,1.401573,-1.235981,0.620835
938,-1.387977,0.249973,-1.655908,0.46764,-1.195604,0.409615,-1.722005,0.701368,-1.056714,0.559932
939,-0.702772,0.240824,-0.644308,0.391506,-0.662745,0.40204,-2.340523,1.171781,-0.042492,0.663609
940,-1.185516,0.270855,-1.248122,0.441858,-1.105768,0.471734,-1.968468,0.886316,-0.633361,0.635824
941,-3.475398,0.517771,-4.5941,0.710260693,-3.283989,0.674262,-3.301879,1.353142,-3.04188,1.09596
942,-1.988141,0.286534,-2.106681,0.479252,-2.03158,0.494972,-2.308829,0.859983,-1.406083,0.6372
943,-2.261546,0.294304,-2.06064,0.414729,-2.147822,0.503761,-4.5941,0.722150718,-2.163149,0.872813
944,-0.644307,0.228369,-0.511897,0.377414,-0.463161,0.396435,-1.24881,0.728733,-0.953326,0.664814
945,-2.077412,0.2675,-2.992312,0.646977,-1.51929,0.451292,-1.991641,0.804005,-1.53395,0.609811
946,-1.562712,0.279573,-1.977092,0.556063,-1.038336,0.52113,-0.894726,0.67685,-2.515033,0.915129
947,-2.818983,0.39086,-2.457427,0.534818,-3.078391,0.70967,-2.025911,0.983779,-4.5941,0.724670133
948,-2.304495,0.313668,-3.064705,0.753769,-2.807437,0.613563,-1.486586,0.665238,-1.508948,0.594523
949,1.3374,0.277574913,1.3374,0.277574913,1.3374,0.277574913,1.3374,0.277574913,1.3374,0.277574913
950,-1.076288,0.257233,-1.030924,0.379494,-1.169731,0.518727,-0.441408,0.661876,-1.716905,0.743893
951,-1.980934,0.322237,-2.070665,0.548192,-2.261552,0.53384,-1.699941,1.148994,-1.35565,0.71784
952,-1.127648,0.259184,-1.39846,0.462058,-1.334838,0.494273,-1.168669,0.65638,-0.449992,0.518832
953,-1.87498,0.255323,-1.859891,0.368853,-2.099259,0.48749,-1.502429,0.633235,-1.879509,0.92906
954,-1.081313,0.260737,-0.980273,0.490144,-1.264329,0.441714,-0.309298,0.726493,-1.347491,0.551184
955,0.591692,0.257283,0.25071,0.42804,0.179406,0.466105,0.925181,0.782665,1.3374,0.301279224
956,-0.971929,0.226944,-1.140218,0.371078,-0.618019,0.388339,-1.158529,0.666088,-1.168401,0.560828
957,-1.656869,0.241471,-2.176693,0.410404,-1.7705,0.447889,-0.804629,0.817487,-0.838176,0.512152
958,-1.562071,0.289278,-2.68982,0.717308,-1.187887,0.495113,-1.082227,0.774214,-1.205065,0.523478
959,0.183436,0.251967,0.139157,0.48675,0.503394,0.519794,0.148912,0.700456,0.00453,0.426772
960,-1.895164,0.314973,-1.828399,0.561146,-1.471071,0.473999,-4.5941,0.737042875,-2.077866,0.763034
961,-0.913578,0.250414,-1.188513,0.377035,-0.692526,0.454467,-0.928213,0.805663,-0.530317,0.638349
962,-1.275479,0.26057,-1.385889,0.442134,-1.049578,0.411831,-1.325346,0.804256,-1.57204,0.723534
963,-0.958705,0.269292,-0.757049,0.418142,-0.799827,0.512228,-1.543041,0.766058,-1.217661,0.65654
964,-2.173526,0.309439,-2.432353,0.496509,-1.756783,0.48199,-1.817274,0.90473,-4.5941,0.787569214
965,-0.766485,0.248226,-0.145424,0.484433,-1.430253,0.470192,-0.957912,0.679659,-0.690202,0.615066
966,-0.347702,0.249929,-0.391884,0.439088,-0.116707,0.443727,-0.648682,0.955215,-0.499953,0.490831
967,-1.694711,0.271194,-1.812098,0.415672,-1.578716,0.480547,-1.907933,0.845584,-1.445206,0.688401
968,-1.325731,0.24473,-0.801567,0.362996,-1.266183,0.491276,-2.800345,0.979529,-1.978921,0.702966
969,-1.844598,0.296055,-1.209815,0.422248,-2.416668,0.625728,-2.655176,0.915582,-2.040146,0.749917
970,-0.054815,0.252111,0.339809,0.412629,-0.533244,0.50512,0.153408,0.741246,-0.652058,0.794352
971,-1.70839,0.260768,-1.701105,0.443817,-1.541026,0.435598,-1.725284,0.623194,-2.18418,0.78989
972,0.735509,0.283159,0.908985,0.524266,-0.201419,0.524717,0.394571,0.642279,1.3374,0.327762333
973,-0.482191,0.231118,-0.530493,0.340635,-0.518207,0.485943,-0.77153,0.597143,-0.046914,0.55383
974,0.502834,0.287164,1.3374,0.326819804,0.612768,0.54696,0.455363,0.78598,-0.212238,0.522346
975,0.269762,0.292128,0.444325,0.525595,0.139153,0.465864,0.089818,1.059449,0.299236,0.616431
976,-2.772992,0.42394,-3.280102,0.811871,-2.960451,0.815468,-2.408865,1.079238,-1.529465,0.890213
977,-2.539527,0.321307,-2.265032,0.455363,-2.95415,0.601496,-2.238769,0.920395,-2.698253,0.934323
978,-1.004853,0.281127,-0.889139,0.455046,-1.071876,0.533477,-1.721766,0.89513,-0.797657,0.547783
979,-0.50388,0.252479,-0.918126,0.355911,-0.753521,0.475732,-1.719547,0.855238,1.3374,0.372970337
980,0.434615,0.250398,0.352775,0.47784,0.855041,0.482777,0.245821,0.639492,0.169566,0.471789
981,-1.506014,0.267523,-1.461768,0.450466,-1.40211,0.47436,-1.260464,0.614606,-2.211047,0.879343
982,0.057508,0.239225,-0.167556,0.378082,0.346724,0.477874,0.3245,0.681705,-0.043261,0.477773
983,-0.65208,0.241457,-0.698871,0.432163,-1.539554,0.487338,0.154316,0.598661,0.140088,0.570144
984,-2.986095,0.393697,-2.512942,0.53917,-3.291895,0.725414,-4.5941,0.699001077,-2.830993,0.841654
985,0.132572,0.244636,0.557655,0.473442,-0.076139,0.462353,0.359941,0.732813,-0.172822,0.447274
986,-3.155244,0.454112,-4.5941,0.728620428,-2.998757,0.730739,-2.577844,0.977381,-2.766374,0.850929
987,-1.320776,0.244785,-1.135987,0.374481,-1.546192,0.449725,-0.282834,0.77956,-2.044853,0.701453
988,-1.881391,0.314212,-2.961556,0.806141,-1.70971,0.471451,-1.144664,0.728237,-1.400651,0.730941
989,-1.373692,0.256458,-1.100792,0.421958,-1.210128,0.413429,-1.745607,0.743096,-2.361543,0.921293
990,-1.645502,0.269324,-1.660603,0.393388,-2.230576,0.538287,-1.512572,0.75378,-0.827059,0.54132
991,-3.710028,0.643529,-4.5941,0.730586807,-2.681547,0.675206,-4.5941,0.730586807,-4.5941,0.730586807
992,-1.825391,0.303095,-1.603151,0.482334,-2.381969,0.598603,-1.475249,0.860677,-1.617685,0.633066
993,-0.856182,0.250246,-1.067078,0.391011,-0.858437,0.439301,0.045052,0.79794,-1.075437,0.69809
994,-1.121868,0.246042,-1.126319,0.400893,-0.72564,0.408506,-1.713314,0.930514,-1.802441,0.777053
995,-3.400936,0.485379,-4.5941,0.714275066,-2.880498,0.561842,-3.531184,1.427496,-3.739867,1.927434
996,-2.498993,0.339342,-2.469186,0.593398,-2.02545,0.471411,-4.5941,0.719846813,-3.233021,1.160946
997,0.326246,0.236173,0.277505,0.404006,0.014246,0.44505,0.072506,0.62501,0.872627,0.507527
998,-0.083267,0.250742,-0.211689,0.436178,-0.276841,0.47096,0.734612,0.760996,-0.142008,0.496769
999,-1.770745,0.258208,-1.782479,0.357539,-1.846193,0.505124,-1.558742,0.863963,-1.706038,0.703601
1000,-1.370254,0.256977,-1.328242,0.430983,-1.554755,0.450268,-0.735006,0.713681,-1.612121,0.668671